symbol,group,source_id,timeframe,first_bar_server,last_bar_server,rows,status,updated_utc
EURUSD,major,eurusd,M1,,,0,pending,
EURUSD,major,eurusd,M2,,,0,pending,
EURUSD,major,eurusd,M3,,,0,pending,
EURUSD,major,eurusd,M4,,,0,pending,
EURUSD,major,eurusd,M5,,,0,pending,
EURUSD,major,eurusd,M6,,,0,pending,
EURUSD,major,eurusd,M10,,,0,pending,
EURUSD,major,eurusd,M12,,,0,pending,
EURUSD,major,eurusd,M15,,,0,pending,
EURUSD,major,eurusd,M20,,,0,pending,
EURUSD,major,eurusd,M30,,,0,pending,
EURUSD,major,eurusd,H1,,,0,pending,
EURUSD,major,eurusd,H2,,,0,pending,
EURUSD,major,eurusd,H3,,,0,pending,
EURUSD,major,eurusd,H4,,,0,pending,
EURUSD,major,eurusd,H6,,,0,pending,
EURUSD,major,eurusd,H8,,,0,pending,
EURUSD,major,eurusd,H12,,,0,pending,
EURUSD,major,eurusd,D1,,,0,pending,
EURUSD,major,eurusd,W1,,,0,pending,
EURUSD,major,eurusd,MN1,,,0,pending,
GBPUSD,major,gbpusd,M1,,,0,pending,
GBPUSD,major,gbpusd,M2,,,0,pending,
GBPUSD,major,gbpusd,M3,,,0,pending,
GBPUSD,major,gbpusd,M4,,,0,pending,
GBPUSD,major,gbpusd,M5,,,0,pending,
GBPUSD,major,gbpusd,M6,,,0,pending,
GBPUSD,major,gbpusd,M10,,,0,pending,
GBPUSD,major,gbpusd,M12,,,0,pending,
GBPUSD,major,gbpusd,M15,,,0,pending,
GBPUSD,major,gbpusd,M20,,,0,pending,
GBPUSD,major,gbpusd,M30,,,0,pending,
GBPUSD,major,gbpusd,H1,,,0,pending,
GBPUSD,major,gbpusd,H2,,,0,pending,
GBPUSD,major,gbpusd,H3,,,0,pending,
GBPUSD,major,gbpusd,H4,,,0,pending,
GBPUSD,major,gbpusd,H6,,,0,pending,
GBPUSD,major,gbpusd,H8,,,0,pending,
GBPUSD,major,gbpusd,H12,,,0,pending,
GBPUSD,major,gbpusd,D1,,,0,pending,
GBPUSD,major,gbpusd,W1,,,0,pending,
GBPUSD,major,gbpusd,MN1,,,0,pending,
USDJPY,major,usdjpy,M1,,,0,pending,
USDJPY,major,usdjpy,M2,,,0,pending,
USDJPY,major,usdjpy,M3,,,0,pending,
USDJPY,major,usdjpy,M4,,,0,pending,
USDJPY,major,usdjpy,M5,,,0,pending,
USDJPY,major,usdjpy,M6,,,0,pending,
USDJPY,major,usdjpy,M10,,,0,pending,
USDJPY,major,usdjpy,M12,,,0,pending,
USDJPY,major,usdjpy,M15,,,0,pending,
USDJPY,major,usdjpy,M20,,,0,pending,
USDJPY,major,usdjpy,M30,,,0,pending,
USDJPY,major,usdjpy,H1,,,0,pending,
USDJPY,major,usdjpy,H2,,,0,pending,
USDJPY,major,usdjpy,H3,,,0,pending,
USDJPY,major,usdjpy,H4,,,0,pending,
USDJPY,major,usdjpy,H6,,,0,pending,
USDJPY,major,usdjpy,H8,,,0,pending,
USDJPY,major,usdjpy,H12,,,0,pending,
USDJPY,major,usdjpy,D1,,,0,pending,
USDJPY,major,usdjpy,W1,,,0,pending,
USDJPY,major,usdjpy,MN1,,,0,pending,
USDCHF,major,usdchf,M1,,,0,pending,
USDCHF,major,usdchf,M2,,,0,pending,
USDCHF,major,usdchf,M3,,,0,pending,
USDCHF,major,usdchf,M4,,,0,pending,
USDCHF,major,usdchf,M5,,,0,pending,
USDCHF,major,usdchf,M6,,,0,pending,
USDCHF,major,usdchf,M10,,,0,pending,
USDCHF,major,usdchf,M12,,,0,pending,
USDCHF,major,usdchf,M15,,,0,pending,
USDCHF,major,usdchf,M20,,,0,pending,
USDCHF,major,usdchf,M30,,,0,pending,
USDCHF,major,usdchf,H1,,,0,pending,
USDCHF,major,usdchf,H2,,,0,pending,
USDCHF,major,usdchf,H3,,,0,pending,
USDCHF,major,usdchf,H4,,,0,pending,
USDCHF,major,usdchf,H6,,,0,pending,
USDCHF,major,usdchf,H8,,,0,pending,
USDCHF,major,usdchf,H12,,,0,pending,
USDCHF,major,usdchf,D1,,,0,pending,
USDCHF,major,usdchf,W1,,,0,pending,
USDCHF,major,usdchf,MN1,,,0,pending,
USDCAD,major,usdcad,M1,,,0,pending,
USDCAD,major,usdcad,M2,,,0,pending,
USDCAD,major,usdcad,M3,,,0,pending,
USDCAD,major,usdcad,M4,,,0,pending,
USDCAD,major,usdcad,M5,,,0,pending,
USDCAD,major,usdcad,M6,,,0,pending,
USDCAD,major,usdcad,M10,,,0,pending,
USDCAD,major,usdcad,M12,,,0,pending,
USDCAD,major,usdcad,M15,,,0,pending,
USDCAD,major,usdcad,M20,,,0,pending,
USDCAD,major,usdcad,M30,,,0,pending,
USDCAD,major,usdcad,H1,,,0,pending,
USDCAD,major,usdcad,H2,,,0,pending,
USDCAD,major,usdcad,H3,,,0,pending,
USDCAD,major,usdcad,H4,,,0,pending,
USDCAD,major,usdcad,H6,,,0,pending,
USDCAD,major,usdcad,H8,,,0,pending,
USDCAD,major,usdcad,H12,,,0,pending,
USDCAD,major,usdcad,D1,,,0,pending,
USDCAD,major,usdcad,W1,,,0,pending,
USDCAD,major,usdcad,MN1,,,0,pending,
AUDUSD,major,audusd,M1,,,0,pending,
AUDUSD,major,audusd,M2,,,0,pending,
AUDUSD,major,audusd,M3,,,0,pending,
AUDUSD,major,audusd,M4,,,0,pending,
AUDUSD,major,audusd,M5,,,0,pending,
AUDUSD,major,audusd,M6,,,0,pending,
AUDUSD,major,audusd,M10,,,0,pending,
AUDUSD,major,audusd,M12,,,0,pending,
AUDUSD,major,audusd,M15,,,0,pending,
AUDUSD,major,audusd,M20,,,0,pending,
AUDUSD,major,audusd,M30,,,0,pending,
AUDUSD,major,audusd,H1,,,0,pending,
AUDUSD,major,audusd,H2,,,0,pending,
AUDUSD,major,audusd,H3,,,0,pending,
AUDUSD,major,audusd,H4,,,0,pending,
AUDUSD,major,audusd,H6,,,0,pending,
AUDUSD,major,audusd,H8,,,0,pending,
AUDUSD,major,audusd,H12,,,0,pending,
AUDUSD,major,audusd,D1,,,0,pending,
AUDUSD,major,audusd,W1,,,0,pending,
AUDUSD,major,audusd,MN1,,,0,pending,
NZDUSD,major,nzdusd,M1,,,0,pending,
NZDUSD,major,nzdusd,M2,,,0,pending,
NZDUSD,major,nzdusd,M3,,,0,pending,
NZDUSD,major,nzdusd,M4,,,0,pending,
NZDUSD,major,nzdusd,M5,,,0,pending,
NZDUSD,major,nzdusd,M6,,,0,pending,
NZDUSD,major,nzdusd,M10,,,0,pending,
NZDUSD,major,nzdusd,M12,,,0,pending,
NZDUSD,major,nzdusd,M15,,,0,pending,
NZDUSD,major,nzdusd,M20,,,0,pending,
NZDUSD,major,nzdusd,M30,,,0,pending,
NZDUSD,major,nzdusd,H1,,,0,pending,
NZDUSD,major,nzdusd,H2,,,0,pending,
NZDUSD,major,nzdusd,H3,,,0,pending,
NZDUSD,major,nzdusd,H4,,,0,pending,
NZDUSD,major,nzdusd,H6,,,0,pending,
NZDUSD,major,nzdusd,H8,,,0,pending,
NZDUSD,major,nzdusd,H12,,,0,pending,
NZDUSD,major,nzdusd,D1,,,0,pending,
NZDUSD,major,nzdusd,W1,,,0,pending,
NZDUSD,major,nzdusd,MN1,,,0,pending,
AUDCAD,cross,audcad,M1,,,0,pending,
AUDCAD,cross,audcad,M2,,,0,pending,
AUDCAD,cross,audcad,M3,,,0,pending,
AUDCAD,cross,audcad,M4,,,0,pending,
AUDCAD,cross,audcad,M5,,,0,pending,
AUDCAD,cross,audcad,M6,,,0,pending,
AUDCAD,cross,audcad,M10,,,0,pending,
AUDCAD,cross,audcad,M12,,,0,pending,
AUDCAD,cross,audcad,M15,,,0,pending,
AUDCAD,cross,audcad,M20,,,0,pending,
AUDCAD,cross,audcad,M30,,,0,pending,
AUDCAD,cross,audcad,H1,,,0,pending,
AUDCAD,cross,audcad,H2,,,0,pending,
AUDCAD,cross,audcad,H3,,,0,pending,
AUDCAD,cross,audcad,H4,,,0,pending,
AUDCAD,cross,audcad,H6,,,0,pending,
AUDCAD,cross,audcad,H8,,,0,pending,
AUDCAD,cross,audcad,H12,,,0,pending,
AUDCAD,cross,audcad,D1,,,0,pending,
AUDCAD,cross,audcad,W1,,,0,pending,
AUDCAD,cross,audcad,MN1,,,0,pending,
AUDCHF,cross,audchf,M1,,,0,pending,
AUDCHF,cross,audchf,M2,,,0,pending,
AUDCHF,cross,audchf,M3,,,0,pending,
AUDCHF,cross,audchf,M4,,,0,pending,
AUDCHF,cross,audchf,M5,,,0,pending,
AUDCHF,cross,audchf,M6,,,0,pending,
AUDCHF,cross,audchf,M10,,,0,pending,
AUDCHF,cross,audchf,M12,,,0,pending,
AUDCHF,cross,audchf,M15,,,0,pending,
AUDCHF,cross,audchf,M20,,,0,pending,
AUDCHF,cross,audchf,M30,,,0,pending,
AUDCHF,cross,audchf,H1,,,0,pending,
AUDCHF,cross,audchf,H2,,,0,pending,
AUDCHF,cross,audchf,H3,,,0,pending,
AUDCHF,cross,audchf,H4,,,0,pending,
AUDCHF,cross,audchf,H6,,,0,pending,
AUDCHF,cross,audchf,H8,,,0,pending,
AUDCHF,cross,audchf,H12,,,0,pending,
AUDCHF,cross,audchf,D1,,,0,pending,
AUDCHF,cross,audchf,W1,,,0,pending,
AUDCHF,cross,audchf,MN1,,,0,pending,
AUDJPY,cross,audjpy,M1,,,0,pending,
AUDJPY,cross,audjpy,M2,,,0,pending,
AUDJPY,cross,audjpy,M3,,,0,pending,
AUDJPY,cross,audjpy,M4,,,0,pending,
AUDJPY,cross,audjpy,M5,,,0,pending,
AUDJPY,cross,audjpy,M6,,,0,pending,
AUDJPY,cross,audjpy,M10,,,0,pending,
AUDJPY,cross,audjpy,M12,,,0,pending,
AUDJPY,cross,audjpy,M15,,,0,pending,
AUDJPY,cross,audjpy,M20,,,0,pending,
AUDJPY,cross,audjpy,M30,,,0,pending,
AUDJPY,cross,audjpy,H1,,,0,pending,
AUDJPY,cross,audjpy,H2,,,0,pending,
AUDJPY,cross,audjpy,H3,,,0,pending,
AUDJPY,cross,audjpy,H4,,,0,pending,
AUDJPY,cross,audjpy,H6,,,0,pending,
AUDJPY,cross,audjpy,H8,,,0,pending,
AUDJPY,cross,audjpy,H12,,,0,pending,
AUDJPY,cross,audjpy,D1,,,0,pending,
AUDJPY,cross,audjpy,W1,,,0,pending,
AUDJPY,cross,audjpy,MN1,,,0,pending,
AUDNZD,cross,audnzd,M1,,,0,pending,
AUDNZD,cross,audnzd,M2,,,0,pending,
AUDNZD,cross,audnzd,M3,,,0,pending,
AUDNZD,cross,audnzd,M4,,,0,pending,
AUDNZD,cross,audnzd,M5,,,0,pending,
AUDNZD,cross,audnzd,M6,,,0,pending,
AUDNZD,cross,audnzd,M10,,,0,pending,
AUDNZD,cross,audnzd,M12,,,0,pending,
AUDNZD,cross,audnzd,M15,,,0,pending,
AUDNZD,cross,audnzd,M20,,,0,pending,
AUDNZD,cross,audnzd,M30,,,0,pending,
AUDNZD,cross,audnzd,H1,,,0,pending,
AUDNZD,cross,audnzd,H2,,,0,pending,
AUDNZD,cross,audnzd,H3,,,0,pending,
AUDNZD,cross,audnzd,H4,,,0,pending,
AUDNZD,cross,audnzd,H6,,,0,pending,
AUDNZD,cross,audnzd,H8,,,0,pending,
AUDNZD,cross,audnzd,H12,,,0,pending,
AUDNZD,cross,audnzd,D1,,,0,pending,
AUDNZD,cross,audnzd,W1,,,0,pending,
AUDNZD,cross,audnzd,MN1,,,0,pending,
CADCHF,cross,cadchf,M1,,,0,pending,
CADCHF,cross,cadchf,M2,,,0,pending,
CADCHF,cross,cadchf,M3,,,0,pending,
CADCHF,cross,cadchf,M4,,,0,pending,
CADCHF,cross,cadchf,M5,,,0,pending,
CADCHF,cross,cadchf,M6,,,0,pending,
CADCHF,cross,cadchf,M10,,,0,pending,
CADCHF,cross,cadchf,M12,,,0,pending,
CADCHF,cross,cadchf,M15,,,0,pending,
CADCHF,cross,cadchf,M20,,,0,pending,
CADCHF,cross,cadchf,M30,,,0,pending,
CADCHF,cross,cadchf,H1,,,0,pending,
CADCHF,cross,cadchf,H2,,,0,pending,
CADCHF,cross,cadchf,H3,,,0,pending,
CADCHF,cross,cadchf,H4,,,0,pending,
CADCHF,cross,cadchf,H6,,,0,pending,
CADCHF,cross,cadchf,H8,,,0,pending,
CADCHF,cross,cadchf,H12,,,0,pending,
CADCHF,cross,cadchf,D1,,,0,pending,
CADCHF,cross,cadchf,W1,,,0,pending,
CADCHF,cross,cadchf,MN1,,,0,pending,
CADJPY,cross,cadjpy,M1,,,0,pending,
CADJPY,cross,cadjpy,M2,,,0,pending,
CADJPY,cross,cadjpy,M3,,,0,pending,
CADJPY,cross,cadjpy,M4,,,0,pending,
CADJPY,cross,cadjpy,M5,,,0,pending,
CADJPY,cross,cadjpy,M6,,,0,pending,
CADJPY,cross,cadjpy,M10,,,0,pending,
CADJPY,cross,cadjpy,M12,,,0,pending,
CADJPY,cross,cadjpy,M15,,,0,pending,
CADJPY,cross,cadjpy,M20,,,0,pending,
CADJPY,cross,cadjpy,M30,,,0,pending,
CADJPY,cross,cadjpy,H1,,,0,pending,
CADJPY,cross,cadjpy,H2,,,0,pending,
CADJPY,cross,cadjpy,H3,,,0,pending,
CADJPY,cross,cadjpy,H4,,,0,pending,
CADJPY,cross,cadjpy,H6,,,0,pending,
CADJPY,cross,cadjpy,H8,,,0,pending,
CADJPY,cross,cadjpy,H12,,,0,pending,
CADJPY,cross,cadjpy,D1,,,0,pending,
CADJPY,cross,cadjpy,W1,,,0,pending,
CADJPY,cross,cadjpy,MN1,,,0,pending,
CHFJPY,cross,chfjpy,M1,,,0,pending,
CHFJPY,cross,chfjpy,M2,,,0,pending,
CHFJPY,cross,chfjpy,M3,,,0,pending,
CHFJPY,cross,chfjpy,M4,,,0,pending,
CHFJPY,cross,chfjpy,M5,,,0,pending,
CHFJPY,cross,chfjpy,M6,,,0,pending,
CHFJPY,cross,chfjpy,M10,,,0,pending,
CHFJPY,cross,chfjpy,M12,,,0,pending,
CHFJPY,cross,chfjpy,M15,,,0,pending,
CHFJPY,cross,chfjpy,M20,,,0,pending,
CHFJPY,cross,chfjpy,M30,,,0,pending,
CHFJPY,cross,chfjpy,H1,,,0,pending,
CHFJPY,cross,chfjpy,H2,,,0,pending,
CHFJPY,cross,chfjpy,H3,,,0,pending,
CHFJPY,cross,chfjpy,H4,,,0,pending,
CHFJPY,cross,chfjpy,H6,,,0,pending,
CHFJPY,cross,chfjpy,H8,,,0,pending,
CHFJPY,cross,chfjpy,H12,,,0,pending,
CHFJPY,cross,chfjpy,D1,,,0,pending,
CHFJPY,cross,chfjpy,W1,,,0,pending,
CHFJPY,cross,chfjpy,MN1,,,0,pending,
EURAUD,cross,euraud,M1,,,0,pending,
EURAUD,cross,euraud,M2,,,0,pending,
EURAUD,cross,euraud,M3,,,0,pending,
EURAUD,cross,euraud,M4,,,0,pending,
EURAUD,cross,euraud,M5,,,0,pending,
EURAUD,cross,euraud,M6,,,0,pending,
EURAUD,cross,euraud,M10,,,0,pending,
EURAUD,cross,euraud,M12,,,0,pending,
EURAUD,cross,euraud,M15,,,0,pending,
EURAUD,cross,euraud,M20,,,0,pending,
EURAUD,cross,euraud,M30,,,0,pending,
EURAUD,cross,euraud,H1,,,0,pending,
EURAUD,cross,euraud,H2,,,0,pending,
EURAUD,cross,euraud,H3,,,0,pending,
EURAUD,cross,euraud,H4,,,0,pending,
EURAUD,cross,euraud,H6,,,0,pending,
EURAUD,cross,euraud,H8,,,0,pending,
EURAUD,cross,euraud,H12,,,0,pending,
EURAUD,cross,euraud,D1,,,0,pending,
EURAUD,cross,euraud,W1,,,0,pending,
EURAUD,cross,euraud,MN1,,,0,pending,
EURCAD,cross,eurcad,M1,,,0,pending,
EURCAD,cross,eurcad,M2,,,0,pending,
EURCAD,cross,eurcad,M3,,,0,pending,
EURCAD,cross,eurcad,M4,,,0,pending,
EURCAD,cross,eurcad,M5,,,0,pending,
EURCAD,cross,eurcad,M6,,,0,pending,
EURCAD,cross,eurcad,M10,,,0,pending,
EURCAD,cross,eurcad,M12,,,0,pending,
EURCAD,cross,eurcad,M15,,,0,pending,
EURCAD,cross,eurcad,M20,,,0,pending,
EURCAD,cross,eurcad,M30,,,0,pending,
EURCAD,cross,eurcad,H1,,,0,pending,
EURCAD,cross,eurcad,H2,,,0,pending,
EURCAD,cross,eurcad,H3,,,0,pending,
EURCAD,cross,eurcad,H4,,,0,pending,
EURCAD,cross,eurcad,H6,,,0,pending,
EURCAD,cross,eurcad,H8,,,0,pending,
EURCAD,cross,eurcad,H12,,,0,pending,
EURCAD,cross,eurcad,D1,,,0,pending,
EURCAD,cross,eurcad,W1,,,0,pending,
EURCAD,cross,eurcad,MN1,,,0,pending,
EURCHF,cross,eurchf,M1,,,0,pending,
EURCHF,cross,eurchf,M2,,,0,pending,
EURCHF,cross,eurchf,M3,,,0,pending,
EURCHF,cross,eurchf,M4,,,0,pending,
EURCHF,cross,eurchf,M5,,,0,pending,
EURCHF,cross,eurchf,M6,,,0,pending,
EURCHF,cross,eurchf,M10,,,0,pending,
EURCHF,cross,eurchf,M12,,,0,pending,
EURCHF,cross,eurchf,M15,,,0,pending,
EURCHF,cross,eurchf,M20,,,0,pending,
EURCHF,cross,eurchf,M30,,,0,pending,
EURCHF,cross,eurchf,H1,,,0,pending,
EURCHF,cross,eurchf,H2,,,0,pending,
EURCHF,cross,eurchf,H3,,,0,pending,
EURCHF,cross,eurchf,H4,,,0,pending,
EURCHF,cross,eurchf,H6,,,0,pending,
EURCHF,cross,eurchf,H8,,,0,pending,
EURCHF,cross,eurchf,H12,,,0,pending,
EURCHF,cross,eurchf,D1,,,0,pending,
EURCHF,cross,eurchf,W1,,,0,pending,
EURCHF,cross,eurchf,MN1,,,0,pending,
EURGBP,cross,eurgbp,M1,,,0,pending,
EURGBP,cross,eurgbp,M2,,,0,pending,
EURGBP,cross,eurgbp,M3,,,0,pending,
EURGBP,cross,eurgbp,M4,,,0,pending,
EURGBP,cross,eurgbp,M5,,,0,pending,
EURGBP,cross,eurgbp,M6,,,0,pending,
EURGBP,cross,eurgbp,M10,,,0,pending,
EURGBP,cross,eurgbp,M12,,,0,pending,
EURGBP,cross,eurgbp,M15,,,0,pending,
EURGBP,cross,eurgbp,M20,,,0,pending,
EURGBP,cross,eurgbp,M30,,,0,pending,
EURGBP,cross,eurgbp,H1,,,0,pending,
EURGBP,cross,eurgbp,H2,,,0,pending,
EURGBP,cross,eurgbp,H3,,,0,pending,
EURGBP,cross,eurgbp,H4,,,0,pending,
EURGBP,cross,eurgbp,H6,,,0,pending,
EURGBP,cross,eurgbp,H8,,,0,pending,
EURGBP,cross,eurgbp,H12,,,0,pending,
EURGBP,cross,eurgbp,D1,,,0,pending,
EURGBP,cross,eurgbp,W1,,,0,pending,
EURGBP,cross,eurgbp,MN1,,,0,pending,
EURJPY,cross,eurjpy,M1,,,0,pending,
EURJPY,cross,eurjpy,M2,,,0,pending,
EURJPY,cross,eurjpy,M3,,,0,pending,
EURJPY,cross,eurjpy,M4,,,0,pending,
EURJPY,cross,eurjpy,M5,,,0,pending,
EURJPY,cross,eurjpy,M6,,,0,pending,
EURJPY,cross,eurjpy,M10,,,0,pending,
EURJPY,cross,eurjpy,M12,,,0,pending,
EURJPY,cross,eurjpy,M15,,,0,pending,
EURJPY,cross,eurjpy,M20,,,0,pending,
EURJPY,cross,eurjpy,M30,,,0,pending,
EURJPY,cross,eurjpy,H1,,,0,pending,
EURJPY,cross,eurjpy,H2,,,0,pending,
EURJPY,cross,eurjpy,H3,,,0,pending,
EURJPY,cross,eurjpy,H4,,,0,pending,
EURJPY,cross,eurjpy,H6,,,0,pending,
EURJPY,cross,eurjpy,H8,,,0,pending,
EURJPY,cross,eurjpy,H12,,,0,pending,
EURJPY,cross,eurjpy,D1,,,0,pending,
EURJPY,cross,eurjpy,W1,,,0,pending,
EURJPY,cross,eurjpy,MN1,,,0,pending,
EURNZD,cross,eurnzd,M1,,,0,pending,
EURNZD,cross,eurnzd,M2,,,0,pending,
EURNZD,cross,eurnzd,M3,,,0,pending,
EURNZD,cross,eurnzd,M4,,,0,pending,
EURNZD,cross,eurnzd,M5,,,0,pending,
EURNZD,cross,eurnzd,M6,,,0,pending,
EURNZD,cross,eurnzd,M10,,,0,pending,
EURNZD,cross,eurnzd,M12,,,0,pending,
EURNZD,cross,eurnzd,M15,,,0,pending,
EURNZD,cross,eurnzd,M20,,,0,pending,
EURNZD,cross,eurnzd,M30,,,0,pending,
EURNZD,cross,eurnzd,H1,,,0,pending,
EURNZD,cross,eurnzd,H2,,,0,pending,
EURNZD,cross,eurnzd,H3,,,0,pending,
EURNZD,cross,eurnzd,H4,,,0,pending,
EURNZD,cross,eurnzd,H6,,,0,pending,
EURNZD,cross,eurnzd,H8,,,0,pending,
EURNZD,cross,eurnzd,H12,,,0,pending,
EURNZD,cross,eurnzd,D1,,,0,pending,
EURNZD,cross,eurnzd,W1,,,0,pending,
EURNZD,cross,eurnzd,MN1,,,0,pending,
GBPAUD,cross,gbpaud,M1,,,0,pending,
GBPAUD,cross,gbpaud,M2,,,0,pending,
GBPAUD,cross,gbpaud,M3,,,0,pending,
GBPAUD,cross,gbpaud,M4,,,0,pending,
GBPAUD,cross,gbpaud,M5,,,0,pending,
GBPAUD,cross,gbpaud,M6,,,0,pending,
GBPAUD,cross,gbpaud,M10,,,0,pending,
GBPAUD,cross,gbpaud,M12,,,0,pending,
GBPAUD,cross,gbpaud,M15,,,0,pending,
GBPAUD,cross,gbpaud,M20,,,0,pending,
GBPAUD,cross,gbpaud,M30,,,0,pending,
GBPAUD,cross,gbpaud,H1,,,0,pending,
GBPAUD,cross,gbpaud,H2,,,0,pending,
GBPAUD,cross,gbpaud,H3,,,0,pending,
GBPAUD,cross,gbpaud,H4,,,0,pending,
GBPAUD,cross,gbpaud,H6,,,0,pending,
GBPAUD,cross,gbpaud,H8,,,0,pending,
GBPAUD,cross,gbpaud,H12,,,0,pending,
GBPAUD,cross,gbpaud,D1,,,0,pending,
GBPAUD,cross,gbpaud,W1,,,0,pending,
GBPAUD,cross,gbpaud,MN1,,,0,pending,
GBPCAD,cross,gbpcad,M1,,,0,pending,
GBPCAD,cross,gbpcad,M2,,,0,pending,
GBPCAD,cross,gbpcad,M3,,,0,pending,
GBPCAD,cross,gbpcad,M4,,,0,pending,
GBPCAD,cross,gbpcad,M5,,,0,pending,
GBPCAD,cross,gbpcad,M6,,,0,pending,
GBPCAD,cross,gbpcad,M10,,,0,pending,
GBPCAD,cross,gbpcad,M12,,,0,pending,
GBPCAD,cross,gbpcad,M15,,,0,pending,
GBPCAD,cross,gbpcad,M20,,,0,pending,
GBPCAD,cross,gbpcad,M30,,,0,pending,
GBPCAD,cross,gbpcad,H1,,,0,pending,
GBPCAD,cross,gbpcad,H2,,,0,pending,
GBPCAD,cross,gbpcad,H3,,,0,pending,
GBPCAD,cross,gbpcad,H4,,,0,pending,
GBPCAD,cross,gbpcad,H6,,,0,pending,
GBPCAD,cross,gbpcad,H8,,,0,pending,
GBPCAD,cross,gbpcad,H12,,,0,pending,
GBPCAD,cross,gbpcad,D1,,,0,pending,
GBPCAD,cross,gbpcad,W1,,,0,pending,
GBPCAD,cross,gbpcad,MN1,,,0,pending,
GBPCHF,cross,gbpchf,M1,,,0,pending,
GBPCHF,cross,gbpchf,M2,,,0,pending,
GBPCHF,cross,gbpchf,M3,,,0,pending,
GBPCHF,cross,gbpchf,M4,,,0,pending,
GBPCHF,cross,gbpchf,M5,,,0,pending,
GBPCHF,cross,gbpchf,M6,,,0,pending,
GBPCHF,cross,gbpchf,M10,,,0,pending,
GBPCHF,cross,gbpchf,M12,,,0,pending,
GBPCHF,cross,gbpchf,M15,,,0,pending,
GBPCHF,cross,gbpchf,M20,,,0,pending,
GBPCHF,cross,gbpchf,M30,,,0,pending,
GBPCHF,cross,gbpchf,H1,,,0,pending,
GBPCHF,cross,gbpchf,H2,,,0,pending,
GBPCHF,cross,gbpchf,H3,,,0,pending,
GBPCHF,cross,gbpchf,H4,,,0,pending,
GBPCHF,cross,gbpchf,H6,,,0,pending,
GBPCHF,cross,gbpchf,H8,,,0,pending,
GBPCHF,cross,gbpchf,H12,,,0,pending,
GBPCHF,cross,gbpchf,D1,,,0,pending,
GBPCHF,cross,gbpchf,W1,,,0,pending,
GBPCHF,cross,gbpchf,MN1,,,0,pending,
GBPJPY,cross,gbpjpy,M1,,,0,pending,
GBPJPY,cross,gbpjpy,M2,,,0,pending,
GBPJPY,cross,gbpjpy,M3,,,0,pending,
GBPJPY,cross,gbpjpy,M4,,,0,pending,
GBPJPY,cross,gbpjpy,M5,,,0,pending,
GBPJPY,cross,gbpjpy,M6,,,0,pending,
GBPJPY,cross,gbpjpy,M10,,,0,pending,
GBPJPY,cross,gbpjpy,M12,,,0,pending,
GBPJPY,cross,gbpjpy,M15,,,0,pending,
GBPJPY,cross,gbpjpy,M20,,,0,pending,
GBPJPY,cross,gbpjpy,M30,,,0,pending,
GBPJPY,cross,gbpjpy,H1,,,0,pending,
GBPJPY,cross,gbpjpy,H2,,,0,pending,
GBPJPY,cross,gbpjpy,H3,,,0,pending,
GBPJPY,cross,gbpjpy,H4,,,0,pending,
GBPJPY,cross,gbpjpy,H6,,,0,pending,
GBPJPY,cross,gbpjpy,H8,,,0,pending,
GBPJPY,cross,gbpjpy,H12,,,0,pending,
GBPJPY,cross,gbpjpy,D1,,,0,pending,
GBPJPY,cross,gbpjpy,W1,,,0,pending,
GBPJPY,cross,gbpjpy,MN1,,,0,pending,
GBPNZD,cross,gbpnzd,M1,,,0,pending,
GBPNZD,cross,gbpnzd,M2,,,0,pending,
GBPNZD,cross,gbpnzd,M3,,,0,pending,
GBPNZD,cross,gbpnzd,M4,,,0,pending,
GBPNZD,cross,gbpnzd,M5,,,0,pending,
GBPNZD,cross,gbpnzd,M6,,,0,pending,
GBPNZD,cross,gbpnzd,M10,,,0,pending,
GBPNZD,cross,gbpnzd,M12,,,0,pending,
GBPNZD,cross,gbpnzd,M15,,,0,pending,
GBPNZD,cross,gbpnzd,M20,,,0,pending,
GBPNZD,cross,gbpnzd,M30,,,0,pending,
GBPNZD,cross,gbpnzd,H1,,,0,pending,
GBPNZD,cross,gbpnzd,H2,,,0,pending,
GBPNZD,cross,gbpnzd,H3,,,0,pending,
GBPNZD,cross,gbpnzd,H4,,,0,pending,
GBPNZD,cross,gbpnzd,H6,,,0,pending,
GBPNZD,cross,gbpnzd,H8,,,0,pending,
GBPNZD,cross,gbpnzd,H12,,,0,pending,
GBPNZD,cross,gbpnzd,D1,,,0,pending,
GBPNZD,cross,gbpnzd,W1,,,0,pending,
GBPNZD,cross,gbpnzd,MN1,,,0,pending,
NZDCAD,cross,nzdcad,M1,,,0,pending,
NZDCAD,cross,nzdcad,M2,,,0,pending,
NZDCAD,cross,nzdcad,M3,,,0,pending,
NZDCAD,cross,nzdcad,M4,,,0,pending,
NZDCAD,cross,nzdcad,M5,,,0,pending,
NZDCAD,cross,nzdcad,M6,,,0,pending,
NZDCAD,cross,nzdcad,M10,,,0,pending,
NZDCAD,cross,nzdcad,M12,,,0,pending,
NZDCAD,cross,nzdcad,M15,,,0,pending,
NZDCAD,cross,nzdcad,M20,,,0,pending,
NZDCAD,cross,nzdcad,M30,,,0,pending,
NZDCAD,cross,nzdcad,H1,,,0,pending,
NZDCAD,cross,nzdcad,H2,,,0,pending,
NZDCAD,cross,nzdcad,H3,,,0,pending,
NZDCAD,cross,nzdcad,H4,,,0,pending,
NZDCAD,cross,nzdcad,H6,,,0,pending,
NZDCAD,cross,nzdcad,H8,,,0,pending,
NZDCAD,cross,nzdcad,H12,,,0,pending,
NZDCAD,cross,nzdcad,D1,,,0,pending,
NZDCAD,cross,nzdcad,W1,,,0,pending,
NZDCAD,cross,nzdcad,MN1,,,0,pending,
NZDCHF,cross,nzdchf,M1,,,0,pending,
NZDCHF,cross,nzdchf,M2,,,0,pending,
NZDCHF,cross,nzdchf,M3,,,0,pending,
NZDCHF,cross,nzdchf,M4,,,0,pending,
NZDCHF,cross,nzdchf,M5,,,0,pending,
NZDCHF,cross,nzdchf,M6,,,0,pending,
NZDCHF,cross,nzdchf,M10,,,0,pending,
NZDCHF,cross,nzdchf,M12,,,0,pending,
NZDCHF,cross,nzdchf,M15,,,0,pending,
NZDCHF,cross,nzdchf,M20,,,0,pending,
NZDCHF,cross,nzdchf,M30,,,0,pending,
NZDCHF,cross,nzdchf,H1,,,0,pending,
NZDCHF,cross,nzdchf,H2,,,0,pending,
NZDCHF,cross,nzdchf,H3,,,0,pending,
NZDCHF,cross,nzdchf,H4,,,0,pending,
NZDCHF,cross,nzdchf,H6,,,0,pending,
NZDCHF,cross,nzdchf,H8,,,0,pending,
NZDCHF,cross,nzdchf,H12,,,0,pending,
NZDCHF,cross,nzdchf,D1,,,0,pending,
NZDCHF,cross,nzdchf,W1,,,0,pending,
NZDCHF,cross,nzdchf,MN1,,,0,pending,
NZDJPY,cross,nzdjpy,M1,,,0,pending,
NZDJPY,cross,nzdjpy,M2,,,0,pending,
NZDJPY,cross,nzdjpy,M3,,,0,pending,
NZDJPY,cross,nzdjpy,M4,,,0,pending,
NZDJPY,cross,nzdjpy,M5,,,0,pending,
NZDJPY,cross,nzdjpy,M6,,,0,pending,
NZDJPY,cross,nzdjpy,M10,,,0,pending,
NZDJPY,cross,nzdjpy,M12,,,0,pending,
NZDJPY,cross,nzdjpy,M15,,,0,pending,
NZDJPY,cross,nzdjpy,M20,,,0,pending,
NZDJPY,cross,nzdjpy,M30,,,0,pending,
NZDJPY,cross,nzdjpy,H1,,,0,pending,
NZDJPY,cross,nzdjpy,H2,,,0,pending,
NZDJPY,cross,nzdjpy,H3,,,0,pending,
NZDJPY,cross,nzdjpy,H4,,,0,pending,
NZDJPY,cross,nzdjpy,H6,,,0,pending,
NZDJPY,cross,nzdjpy,H8,,,0,pending,
NZDJPY,cross,nzdjpy,H12,,,0,pending,
NZDJPY,cross,nzdjpy,D1,,,0,pending,
NZDJPY,cross,nzdjpy,W1,,,0,pending,
NZDJPY,cross,nzdjpy,MN1,,,0,pending,
USDCNH,exotic,usdcnh,M1,,,0,pending,
USDCNH,exotic,usdcnh,M2,,,0,pending,
USDCNH,exotic,usdcnh,M3,,,0,pending,
USDCNH,exotic,usdcnh,M4,,,0,pending,
USDCNH,exotic,usdcnh,M5,,,0,pending,
USDCNH,exotic,usdcnh,M6,,,0,pending,
USDCNH,exotic,usdcnh,M10,,,0,pending,
USDCNH,exotic,usdcnh,M12,,,0,pending,
USDCNH,exotic,usdcnh,M15,,,0,pending,
USDCNH,exotic,usdcnh,M20,,,0,pending,
USDCNH,exotic,usdcnh,M30,,,0,pending,
USDCNH,exotic,usdcnh,H1,,,0,pending,
USDCNH,exotic,usdcnh,H2,,,0,pending,
USDCNH,exotic,usdcnh,H3,,,0,pending,
USDCNH,exotic,usdcnh,H4,,,0,pending,
USDCNH,exotic,usdcnh,H6,,,0,pending,
USDCNH,exotic,usdcnh,H8,,,0,pending,
USDCNH,exotic,usdcnh,H12,,,0,pending,
USDCNH,exotic,usdcnh,D1,,,0,pending,
USDCNH,exotic,usdcnh,W1,,,0,pending,
USDCNH,exotic,usdcnh,MN1,,,0,pending,
AUDSGD,exotic,audsgd,M1,,,0,pending,
AUDSGD,exotic,audsgd,M2,,,0,pending,
AUDSGD,exotic,audsgd,M3,,,0,pending,
AUDSGD,exotic,audsgd,M4,,,0,pending,
AUDSGD,exotic,audsgd,M5,,,0,pending,
AUDSGD,exotic,audsgd,M6,,,0,pending,
AUDSGD,exotic,audsgd,M10,,,0,pending,
AUDSGD,exotic,audsgd,M12,,,0,pending,
AUDSGD,exotic,audsgd,M15,,,0,pending,
AUDSGD,exotic,audsgd,M20,,,0,pending,
AUDSGD,exotic,audsgd,M30,,,0,pending,
AUDSGD,exotic,audsgd,H1,,,0,pending,
AUDSGD,exotic,audsgd,H2,,,0,pending,
AUDSGD,exotic,audsgd,H3,,,0,pending,
AUDSGD,exotic,audsgd,H4,,,0,pending,
AUDSGD,exotic,audsgd,H6,,,0,pending,
AUDSGD,exotic,audsgd,H8,,,0,pending,
AUDSGD,exotic,audsgd,H12,,,0,pending,
AUDSGD,exotic,audsgd,D1,,,0,pending,
AUDSGD,exotic,audsgd,W1,,,0,pending,
AUDSGD,exotic,audsgd,MN1,,,0,pending,
CHFSGD,exotic,chfsgd,M1,,,0,pending,
CHFSGD,exotic,chfsgd,M2,,,0,pending,
CHFSGD,exotic,chfsgd,M3,,,0,pending,
CHFSGD,exotic,chfsgd,M4,,,0,pending,
CHFSGD,exotic,chfsgd,M5,,,0,pending,
CHFSGD,exotic,chfsgd,M6,,,0,pending,
CHFSGD,exotic,chfsgd,M10,,,0,pending,
CHFSGD,exotic,chfsgd,M12,,,0,pending,
CHFSGD,exotic,chfsgd,M15,,,0,pending,
CHFSGD,exotic,chfsgd,M20,,,0,pending,
CHFSGD,exotic,chfsgd,M30,,,0,pending,
CHFSGD,exotic,chfsgd,H1,,,0,pending,
CHFSGD,exotic,chfsgd,H2,,,0,pending,
CHFSGD,exotic,chfsgd,H3,,,0,pending,
CHFSGD,exotic,chfsgd,H4,,,0,pending,
CHFSGD,exotic,chfsgd,H6,,,0,pending,
CHFSGD,exotic,chfsgd,H8,,,0,pending,
CHFSGD,exotic,chfsgd,H12,,,0,pending,
CHFSGD,exotic,chfsgd,D1,,,0,pending,
CHFSGD,exotic,chfsgd,W1,,,0,pending,
CHFSGD,exotic,chfsgd,MN1,,,0,pending,
EURCZK,exotic,eurczk,M1,,,0,pending,
EURCZK,exotic,eurczk,M2,,,0,pending,
EURCZK,exotic,eurczk,M3,,,0,pending,
EURCZK,exotic,eurczk,M4,,,0,pending,
EURCZK,exotic,eurczk,M5,,,0,pending,
EURCZK,exotic,eurczk,M6,,,0,pending,
EURCZK,exotic,eurczk,M10,,,0,pending,
EURCZK,exotic,eurczk,M12,,,0,pending,
EURCZK,exotic,eurczk,M15,,,0,pending,
EURCZK,exotic,eurczk,M20,,,0,pending,
EURCZK,exotic,eurczk,M30,,,0,pending,
EURCZK,exotic,eurczk,H1,,,0,pending,
EURCZK,exotic,eurczk,H2,,,0,pending,
EURCZK,exotic,eurczk,H3,,,0,pending,
EURCZK,exotic,eurczk,H4,,,0,pending,
EURCZK,exotic,eurczk,H6,,,0,pending,
EURCZK,exotic,eurczk,H8,,,0,pending,
EURCZK,exotic,eurczk,H12,,,0,pending,
EURCZK,exotic,eurczk,D1,,,0,pending,
EURCZK,exotic,eurczk,W1,,,0,pending,
EURCZK,exotic,eurczk,MN1,,,0,pending,
EURDKK,exotic,eurdkk,M1,,,0,pending,
EURDKK,exotic,eurdkk,M2,,,0,pending,
EURDKK,exotic,eurdkk,M3,,,0,pending,
EURDKK,exotic,eurdkk,M4,,,0,pending,
EURDKK,exotic,eurdkk,M5,,,0,pending,
EURDKK,exotic,eurdkk,M6,,,0,pending,
EURDKK,exotic,eurdkk,M10,,,0,pending,
EURDKK,exotic,eurdkk,M12,,,0,pending,
EURDKK,exotic,eurdkk,M15,,,0,pending,
EURDKK,exotic,eurdkk,M20,,,0,pending,
EURDKK,exotic,eurdkk,M30,,,0,pending,
EURDKK,exotic,eurdkk,H1,,,0,pending,
EURDKK,exotic,eurdkk,H2,,,0,pending,
EURDKK,exotic,eurdkk,H3,,,0,pending,
EURDKK,exotic,eurdkk,H4,,,0,pending,
EURDKK,exotic,eurdkk,H6,,,0,pending,
EURDKK,exotic,eurdkk,H8,,,0,pending,
EURDKK,exotic,eurdkk,H12,,,0,pending,
EURDKK,exotic,eurdkk,D1,,,0,pending,
EURDKK,exotic,eurdkk,W1,,,0,pending,
EURDKK,exotic,eurdkk,MN1,,,0,pending,
EURHKD,exotic,eurhkd,M1,,,0,pending,
EURHKD,exotic,eurhkd,M2,,,0,pending,
EURHKD,exotic,eurhkd,M3,,,0,pending,
EURHKD,exotic,eurhkd,M4,,,0,pending,
EURHKD,exotic,eurhkd,M5,,,0,pending,
EURHKD,exotic,eurhkd,M6,,,0,pending,
EURHKD,exotic,eurhkd,M10,,,0,pending,
EURHKD,exotic,eurhkd,M12,,,0,pending,
EURHKD,exotic,eurhkd,M15,,,0,pending,
EURHKD,exotic,eurhkd,M20,,,0,pending,
EURHKD,exotic,eurhkd,M30,,,0,pending,
EURHKD,exotic,eurhkd,H1,,,0,pending,
EURHKD,exotic,eurhkd,H2,,,0,pending,
EURHKD,exotic,eurhkd,H3,,,0,pending,
EURHKD,exotic,eurhkd,H4,,,0,pending,
EURHKD,exotic,eurhkd,H6,,,0,pending,
EURHKD,exotic,eurhkd,H8,,,0,pending,
EURHKD,exotic,eurhkd,H12,,,0,pending,
EURHKD,exotic,eurhkd,D1,,,0,pending,
EURHKD,exotic,eurhkd,W1,,,0,pending,
EURHKD,exotic,eurhkd,MN1,,,0,pending,
EURHUF,exotic,eurhuf,M1,,,0,pending,
EURHUF,exotic,eurhuf,M2,,,0,pending,
EURHUF,exotic,eurhuf,M3,,,0,pending,
EURHUF,exotic,eurhuf,M4,,,0,pending,
EURHUF,exotic,eurhuf,M5,,,0,pending,
EURHUF,exotic,eurhuf,M6,,,0,pending,
EURHUF,exotic,eurhuf,M10,,,0,pending,
EURHUF,exotic,eurhuf,M12,,,0,pending,
EURHUF,exotic,eurhuf,M15,,,0,pending,
EURHUF,exotic,eurhuf,M20,,,0,pending,
EURHUF,exotic,eurhuf,M30,,,0,pending,
EURHUF,exotic,eurhuf,H1,,,0,pending,
EURHUF,exotic,eurhuf,H2,,,0,pending,
EURHUF,exotic,eurhuf,H3,,,0,pending,
EURHUF,exotic,eurhuf,H4,,,0,pending,
EURHUF,exotic,eurhuf,H6,,,0,pending,
EURHUF,exotic,eurhuf,H8,,,0,pending,
EURHUF,exotic,eurhuf,H12,,,0,pending,
EURHUF,exotic,eurhuf,D1,,,0,pending,
EURHUF,exotic,eurhuf,W1,,,0,pending,
EURHUF,exotic,eurhuf,MN1,,,0,pending,
EURMXN,exotic,eurmxn,M1,,,0,pending,
EURMXN,exotic,eurmxn,M2,,,0,pending,
EURMXN,exotic,eurmxn,M3,,,0,pending,
EURMXN,exotic,eurmxn,M4,,,0,pending,
EURMXN,exotic,eurmxn,M5,,,0,pending,
EURMXN,exotic,eurmxn,M6,,,0,pending,
EURMXN,exotic,eurmxn,M10,,,0,pending,
EURMXN,exotic,eurmxn,M12,,,0,pending,
EURMXN,exotic,eurmxn,M15,,,0,pending,
EURMXN,exotic,eurmxn,M20,,,0,pending,
EURMXN,exotic,eurmxn,M30,,,0,pending,
EURMXN,exotic,eurmxn,H1,,,0,pending,
EURMXN,exotic,eurmxn,H2,,,0,pending,
EURMXN,exotic,eurmxn,H3,,,0,pending,
EURMXN,exotic,eurmxn,H4,,,0,pending,
EURMXN,exotic,eurmxn,H6,,,0,pending,
EURMXN,exotic,eurmxn,H8,,,0,pending,
EURMXN,exotic,eurmxn,H12,,,0,pending,
EURMXN,exotic,eurmxn,D1,,,0,pending,
EURMXN,exotic,eurmxn,W1,,,0,pending,
EURMXN,exotic,eurmxn,MN1,,,0,pending,
EURNOK,exotic,eurnok,M1,,,0,pending,
EURNOK,exotic,eurnok,M2,,,0,pending,
EURNOK,exotic,eurnok,M3,,,0,pending,
EURNOK,exotic,eurnok,M4,,,0,pending,
EURNOK,exotic,eurnok,M5,,,0,pending,
EURNOK,exotic,eurnok,M6,,,0,pending,
EURNOK,exotic,eurnok,M10,,,0,pending,
EURNOK,exotic,eurnok,M12,,,0,pending,
EURNOK,exotic,eurnok,M15,,,0,pending,
EURNOK,exotic,eurnok,M20,,,0,pending,
EURNOK,exotic,eurnok,M30,,,0,pending,
EURNOK,exotic,eurnok,H1,,,0,pending,
EURNOK,exotic,eurnok,H2,,,0,pending,
EURNOK,exotic,eurnok,H3,,,0,pending,
EURNOK,exotic,eurnok,H4,,,0,pending,
EURNOK,exotic,eurnok,H6,,,0,pending,
EURNOK,exotic,eurnok,H8,,,0,pending,
EURNOK,exotic,eurnok,H12,,,0,pending,
EURNOK,exotic,eurnok,D1,,,0,pending,
EURNOK,exotic,eurnok,W1,,,0,pending,
EURNOK,exotic,eurnok,MN1,,,0,pending,
EURPLN,exotic,eurpln,M1,,,0,pending,
EURPLN,exotic,eurpln,M2,,,0,pending,
EURPLN,exotic,eurpln,M3,,,0,pending,
EURPLN,exotic,eurpln,M4,,,0,pending,
EURPLN,exotic,eurpln,M5,,,0,pending,
EURPLN,exotic,eurpln,M6,,,0,pending,
EURPLN,exotic,eurpln,M10,,,0,pending,
EURPLN,exotic,eurpln,M12,,,0,pending,
EURPLN,exotic,eurpln,M15,,,0,pending,
EURPLN,exotic,eurpln,M20,,,0,pending,
EURPLN,exotic,eurpln,M30,,,0,pending,
EURPLN,exotic,eurpln,H1,,,0,pending,
EURPLN,exotic,eurpln,H2,,,0,pending,
EURPLN,exotic,eurpln,H3,,,0,pending,
EURPLN,exotic,eurpln,H4,,,0,pending,
EURPLN,exotic,eurpln,H6,,,0,pending,
EURPLN,exotic,eurpln,H8,,,0,pending,
EURPLN,exotic,eurpln,H12,,,0,pending,
EURPLN,exotic,eurpln,D1,,,0,pending,
EURPLN,exotic,eurpln,W1,,,0,pending,
EURPLN,exotic,eurpln,MN1,,,0,pending,
EURSEK,exotic,eursek,M1,,,0,pending,
EURSEK,exotic,eursek,M2,,,0,pending,
EURSEK,exotic,eursek,M3,,,0,pending,
EURSEK,exotic,eursek,M4,,,0,pending,
EURSEK,exotic,eursek,M5,,,0,pending,
EURSEK,exotic,eursek,M6,,,0,pending,
EURSEK,exotic,eursek,M10,,,0,pending,
EURSEK,exotic,eursek,M12,,,0,pending,
EURSEK,exotic,eursek,M15,,,0,pending,
EURSEK,exotic,eursek,M20,,,0,pending,
EURSEK,exotic,eursek,M30,,,0,pending,
EURSEK,exotic,eursek,H1,,,0,pending,
EURSEK,exotic,eursek,H2,,,0,pending,
EURSEK,exotic,eursek,H3,,,0,pending,
EURSEK,exotic,eursek,H4,,,0,pending,
EURSEK,exotic,eursek,H6,,,0,pending,
EURSEK,exotic,eursek,H8,,,0,pending,
EURSEK,exotic,eursek,H12,,,0,pending,
EURSEK,exotic,eursek,D1,,,0,pending,
EURSEK,exotic,eursek,W1,,,0,pending,
EURSEK,exotic,eursek,MN1,,,0,pending,
EURSGD,exotic,eursgd,M1,,,0,pending,
EURSGD,exotic,eursgd,M2,,,0,pending,
EURSGD,exotic,eursgd,M3,,,0,pending,
EURSGD,exotic,eursgd,M4,,,0,pending,
EURSGD,exotic,eursgd,M5,,,0,pending,
EURSGD,exotic,eursgd,M6,,,0,pending,
EURSGD,exotic,eursgd,M10,,,0,pending,
EURSGD,exotic,eursgd,M12,,,0,pending,
EURSGD,exotic,eursgd,M15,,,0,pending,
EURSGD,exotic,eursgd,M20,,,0,pending,
EURSGD,exotic,eursgd,M30,,,0,pending,
EURSGD,exotic,eursgd,H1,,,0,pending,
EURSGD,exotic,eursgd,H2,,,0,pending,
EURSGD,exotic,eursgd,H3,,,0,pending,
EURSGD,exotic,eursgd,H4,,,0,pending,
EURSGD,exotic,eursgd,H6,,,0,pending,
EURSGD,exotic,eursgd,H8,,,0,pending,
EURSGD,exotic,eursgd,H12,,,0,pending,
EURSGD,exotic,eursgd,D1,,,0,pending,
EURSGD,exotic,eursgd,W1,,,0,pending,
EURSGD,exotic,eursgd,MN1,,,0,pending,
EURTRY,exotic,eurtry,M1,,,0,pending,
EURTRY,exotic,eurtry,M2,,,0,pending,
EURTRY,exotic,eurtry,M3,,,0,pending,
EURTRY,exotic,eurtry,M4,,,0,pending,
EURTRY,exotic,eurtry,M5,,,0,pending,
EURTRY,exotic,eurtry,M6,,,0,pending,
EURTRY,exotic,eurtry,M10,,,0,pending,
EURTRY,exotic,eurtry,M12,,,0,pending,
EURTRY,exotic,eurtry,M15,,,0,pending,
EURTRY,exotic,eurtry,M20,,,0,pending,
EURTRY,exotic,eurtry,M30,,,0,pending,
EURTRY,exotic,eurtry,H1,,,0,pending,
EURTRY,exotic,eurtry,H2,,,0,pending,
EURTRY,exotic,eurtry,H3,,,0,pending,
EURTRY,exotic,eurtry,H4,,,0,pending,
EURTRY,exotic,eurtry,H6,,,0,pending,
EURTRY,exotic,eurtry,H8,,,0,pending,
EURTRY,exotic,eurtry,H12,,,0,pending,
EURTRY,exotic,eurtry,D1,,,0,pending,
EURTRY,exotic,eurtry,W1,,,0,pending,
EURTRY,exotic,eurtry,MN1,,,0,pending,
EURZAR,exotic,eurzar,M1,,,0,pending,
EURZAR,exotic,eurzar,M2,,,0,pending,
EURZAR,exotic,eurzar,M3,,,0,pending,
EURZAR,exotic,eurzar,M4,,,0,pending,
EURZAR,exotic,eurzar,M5,,,0,pending,
EURZAR,exotic,eurzar,M6,,,0,pending,
EURZAR,exotic,eurzar,M10,,,0,pending,
EURZAR,exotic,eurzar,M12,,,0,pending,
EURZAR,exotic,eurzar,M15,,,0,pending,
EURZAR,exotic,eurzar,M20,,,0,pending,
EURZAR,exotic,eurzar,M30,,,0,pending,
EURZAR,exotic,eurzar,H1,,,0,pending,
EURZAR,exotic,eurzar,H2,,,0,pending,
EURZAR,exotic,eurzar,H3,,,0,pending,
EURZAR,exotic,eurzar,H4,,,0,pending,
EURZAR,exotic,eurzar,H6,,,0,pending,
EURZAR,exotic,eurzar,H8,,,0,pending,
EURZAR,exotic,eurzar,H12,,,0,pending,
EURZAR,exotic,eurzar,D1,,,0,pending,
EURZAR,exotic,eurzar,W1,,,0,pending,
EURZAR,exotic,eurzar,MN1,,,0,pending,
GBPNOK,exotic,gbpnok,M1,,,0,pending,
GBPNOK,exotic,gbpnok,M2,,,0,pending,
GBPNOK,exotic,gbpnok,M3,,,0,pending,
GBPNOK,exotic,gbpnok,M4,,,0,pending,
GBPNOK,exotic,gbpnok,M5,,,0,pending,
GBPNOK,exotic,gbpnok,M6,,,0,pending,
GBPNOK,exotic,gbpnok,M10,,,0,pending,
GBPNOK,exotic,gbpnok,M12,,,0,pending,
GBPNOK,exotic,gbpnok,M15,,,0,pending,
GBPNOK,exotic,gbpnok,M20,,,0,pending,
GBPNOK,exotic,gbpnok,M30,,,0,pending,
GBPNOK,exotic,gbpnok,H1,,,0,pending,
GBPNOK,exotic,gbpnok,H2,,,0,pending,
GBPNOK,exotic,gbpnok,H3,,,0,pending,
GBPNOK,exotic,gbpnok,H4,,,0,pending,
GBPNOK,exotic,gbpnok,H6,,,0,pending,
GBPNOK,exotic,gbpnok,H8,,,0,pending,
GBPNOK,exotic,gbpnok,H12,,,0,pending,
GBPNOK,exotic,gbpnok,D1,,,0,pending,
GBPNOK,exotic,gbpnok,W1,,,0,pending,
GBPNOK,exotic,gbpnok,MN1,,,0,pending,
GBPSEK,exotic,gbpsek,M1,,,0,pending,
GBPSEK,exotic,gbpsek,M2,,,0,pending,
GBPSEK,exotic,gbpsek,M3,,,0,pending,
GBPSEK,exotic,gbpsek,M4,,,0,pending,
GBPSEK,exotic,gbpsek,M5,,,0,pending,
GBPSEK,exotic,gbpsek,M6,,,0,pending,
GBPSEK,exotic,gbpsek,M10,,,0,pending,
GBPSEK,exotic,gbpsek,M12,,,0,pending,
GBPSEK,exotic,gbpsek,M15,,,0,pending,
GBPSEK,exotic,gbpsek,M20,,,0,pending,
GBPSEK,exotic,gbpsek,M30,,,0,pending,
GBPSEK,exotic,gbpsek,H1,,,0,pending,
GBPSEK,exotic,gbpsek,H2,,,0,pending,
GBPSEK,exotic,gbpsek,H3,,,0,pending,
GBPSEK,exotic,gbpsek,H4,,,0,pending,
GBPSEK,exotic,gbpsek,H6,,,0,pending,
GBPSEK,exotic,gbpsek,H8,,,0,pending,
GBPSEK,exotic,gbpsek,H12,,,0,pending,
GBPSEK,exotic,gbpsek,D1,,,0,pending,
GBPSEK,exotic,gbpsek,W1,,,0,pending,
GBPSEK,exotic,gbpsek,MN1,,,0,pending,
GBPSGD,exotic,gbpsgd,M1,,,0,pending,
GBPSGD,exotic,gbpsgd,M2,,,0,pending,
GBPSGD,exotic,gbpsgd,M3,,,0,pending,
GBPSGD,exotic,gbpsgd,M4,,,0,pending,
GBPSGD,exotic,gbpsgd,M5,,,0,pending,
GBPSGD,exotic,gbpsgd,M6,,,0,pending,
GBPSGD,exotic,gbpsgd,M10,,,0,pending,
GBPSGD,exotic,gbpsgd,M12,,,0,pending,
GBPSGD,exotic,gbpsgd,M15,,,0,pending,
GBPSGD,exotic,gbpsgd,M20,,,0,pending,
GBPSGD,exotic,gbpsgd,M30,,,0,pending,
GBPSGD,exotic,gbpsgd,H1,,,0,pending,
GBPSGD,exotic,gbpsgd,H2,,,0,pending,
GBPSGD,exotic,gbpsgd,H3,,,0,pending,
GBPSGD,exotic,gbpsgd,H4,,,0,pending,
GBPSGD,exotic,gbpsgd,H6,,,0,pending,
GBPSGD,exotic,gbpsgd,H8,,,0,pending,
GBPSGD,exotic,gbpsgd,H12,,,0,pending,
GBPSGD,exotic,gbpsgd,D1,,,0,pending,
GBPSGD,exotic,gbpsgd,W1,,,0,pending,
GBPSGD,exotic,gbpsgd,MN1,,,0,pending,
GBPZAR,exotic,gbpzar,M1,,,0,pending,
GBPZAR,exotic,gbpzar,M2,,,0,pending,
GBPZAR,exotic,gbpzar,M3,,,0,pending,
GBPZAR,exotic,gbpzar,M4,,,0,pending,
GBPZAR,exotic,gbpzar,M5,,,0,pending,
GBPZAR,exotic,gbpzar,M6,,,0,pending,
GBPZAR,exotic,gbpzar,M10,,,0,pending,
GBPZAR,exotic,gbpzar,M12,,,0,pending,
GBPZAR,exotic,gbpzar,M15,,,0,pending,
GBPZAR,exotic,gbpzar,M20,,,0,pending,
GBPZAR,exotic,gbpzar,M30,,,0,pending,
GBPZAR,exotic,gbpzar,H1,,,0,pending,
GBPZAR,exotic,gbpzar,H2,,,0,pending,
GBPZAR,exotic,gbpzar,H3,,,0,pending,
GBPZAR,exotic,gbpzar,H4,,,0,pending,
GBPZAR,exotic,gbpzar,H6,,,0,pending,
GBPZAR,exotic,gbpzar,H8,,,0,pending,
GBPZAR,exotic,gbpzar,H12,,,0,pending,
GBPZAR,exotic,gbpzar,D1,,,0,pending,
GBPZAR,exotic,gbpzar,W1,,,0,pending,
GBPZAR,exotic,gbpzar,MN1,,,0,pending,
NOKSEK,exotic,noksek,M1,,,0,pending,
NOKSEK,exotic,noksek,M2,,,0,pending,
NOKSEK,exotic,noksek,M3,,,0,pending,
NOKSEK,exotic,noksek,M4,,,0,pending,
NOKSEK,exotic,noksek,M5,,,0,pending,
NOKSEK,exotic,noksek,M6,,,0,pending,
NOKSEK,exotic,noksek,M10,,,0,pending,
NOKSEK,exotic,noksek,M12,,,0,pending,
NOKSEK,exotic,noksek,M15,,,0,pending,
NOKSEK,exotic,noksek,M20,,,0,pending,
NOKSEK,exotic,noksek,M30,,,0,pending,
NOKSEK,exotic,noksek,H1,,,0,pending,
NOKSEK,exotic,noksek,H2,,,0,pending,
NOKSEK,exotic,noksek,H3,,,0,pending,
NOKSEK,exotic,noksek,H4,,,0,pending,
NOKSEK,exotic,noksek,H6,,,0,pending,
NOKSEK,exotic,noksek,H8,,,0,pending,
NOKSEK,exotic,noksek,H12,,,0,pending,
NOKSEK,exotic,noksek,D1,,,0,pending,
NOKSEK,exotic,noksek,W1,,,0,pending,
NOKSEK,exotic,noksek,MN1,,,0,pending,
SGDJPY,exotic,sgdjpy,M1,,,0,pending,
SGDJPY,exotic,sgdjpy,M2,,,0,pending,
SGDJPY,exotic,sgdjpy,M3,,,0,pending,
SGDJPY,exotic,sgdjpy,M4,,,0,pending,
SGDJPY,exotic,sgdjpy,M5,,,0,pending,
SGDJPY,exotic,sgdjpy,M6,,,0,pending,
SGDJPY,exotic,sgdjpy,M10,,,0,pending,
SGDJPY,exotic,sgdjpy,M12,,,0,pending,
SGDJPY,exotic,sgdjpy,M15,,,0,pending,
SGDJPY,exotic,sgdjpy,M20,,,0,pending,
SGDJPY,exotic,sgdjpy,M30,,,0,pending,
SGDJPY,exotic,sgdjpy,H1,,,0,pending,
SGDJPY,exotic,sgdjpy,H2,,,0,pending,
SGDJPY,exotic,sgdjpy,H3,,,0,pending,
SGDJPY,exotic,sgdjpy,H4,,,0,pending,
SGDJPY,exotic,sgdjpy,H6,,,0,pending,
SGDJPY,exotic,sgdjpy,H8,,,0,pending,
SGDJPY,exotic,sgdjpy,H12,,,0,pending,
SGDJPY,exotic,sgdjpy,D1,,,0,pending,
SGDJPY,exotic,sgdjpy,W1,,,0,pending,
SGDJPY,exotic,sgdjpy,MN1,,,0,pending,
USDCZK,exotic,usdczk,M1,,,0,pending,
USDCZK,exotic,usdczk,M2,,,0,pending,
USDCZK,exotic,usdczk,M3,,,0,pending,
USDCZK,exotic,usdczk,M4,,,0,pending,
USDCZK,exotic,usdczk,M5,,,0,pending,
USDCZK,exotic,usdczk,M6,,,0,pending,
USDCZK,exotic,usdczk,M10,,,0,pending,
USDCZK,exotic,usdczk,M12,,,0,pending,
USDCZK,exotic,usdczk,M15,,,0,pending,
USDCZK,exotic,usdczk,M20,,,0,pending,
USDCZK,exotic,usdczk,M30,,,0,pending,
USDCZK,exotic,usdczk,H1,,,0,pending,
USDCZK,exotic,usdczk,H2,,,0,pending,
USDCZK,exotic,usdczk,H3,,,0,pending,
USDCZK,exotic,usdczk,H4,,,0,pending,
USDCZK,exotic,usdczk,H6,,,0,pending,
USDCZK,exotic,usdczk,H8,,,0,pending,
USDCZK,exotic,usdczk,H12,,,0,pending,
USDCZK,exotic,usdczk,D1,,,0,pending,
USDCZK,exotic,usdczk,W1,,,0,pending,
USDCZK,exotic,usdczk,MN1,,,0,pending,
USDDKK,exotic,usddkk,M1,,,0,pending,
USDDKK,exotic,usddkk,M2,,,0,pending,
USDDKK,exotic,usddkk,M3,,,0,pending,
USDDKK,exotic,usddkk,M4,,,0,pending,
USDDKK,exotic,usddkk,M5,,,0,pending,
USDDKK,exotic,usddkk,M6,,,0,pending,
USDDKK,exotic,usddkk,M10,,,0,pending,
USDDKK,exotic,usddkk,M12,,,0,pending,
USDDKK,exotic,usddkk,M15,,,0,pending,
USDDKK,exotic,usddkk,M20,,,0,pending,
USDDKK,exotic,usddkk,M30,,,0,pending,
USDDKK,exotic,usddkk,H1,,,0,pending,
USDDKK,exotic,usddkk,H2,,,0,pending,
USDDKK,exotic,usddkk,H3,,,0,pending,
USDDKK,exotic,usddkk,H4,,,0,pending,
USDDKK,exotic,usddkk,H6,,,0,pending,
USDDKK,exotic,usddkk,H8,,,0,pending,
USDDKK,exotic,usddkk,H12,,,0,pending,
USDDKK,exotic,usddkk,D1,,,0,pending,
USDDKK,exotic,usddkk,W1,,,0,pending,
USDDKK,exotic,usddkk,MN1,,,0,pending,
USDHKD,exotic,usdhkd,M1,,,0,pending,
USDHKD,exotic,usdhkd,M2,,,0,pending,
USDHKD,exotic,usdhkd,M3,,,0,pending,
USDHKD,exotic,usdhkd,M4,,,0,pending,
USDHKD,exotic,usdhkd,M5,,,0,pending,
USDHKD,exotic,usdhkd,M6,,,0,pending,
USDHKD,exotic,usdhkd,M10,,,0,pending,
USDHKD,exotic,usdhkd,M12,,,0,pending,
USDHKD,exotic,usdhkd,M15,,,0,pending,
USDHKD,exotic,usdhkd,M20,,,0,pending,
USDHKD,exotic,usdhkd,M30,,,0,pending,
USDHKD,exotic,usdhkd,H1,,,0,pending,
USDHKD,exotic,usdhkd,H2,,,0,pending,
USDHKD,exotic,usdhkd,H3,,,0,pending,
USDHKD,exotic,usdhkd,H4,,,0,pending,
USDHKD,exotic,usdhkd,H6,,,0,pending,
USDHKD,exotic,usdhkd,H8,,,0,pending,
USDHKD,exotic,usdhkd,H12,,,0,pending,
USDHKD,exotic,usdhkd,D1,,,0,pending,
USDHKD,exotic,usdhkd,W1,,,0,pending,
USDHKD,exotic,usdhkd,MN1,,,0,pending,
USDHUF,exotic,usdhuf,M1,,,0,pending,
USDHUF,exotic,usdhuf,M2,,,0,pending,
USDHUF,exotic,usdhuf,M3,,,0,pending,
USDHUF,exotic,usdhuf,M4,,,0,pending,
USDHUF,exotic,usdhuf,M5,,,0,pending,
USDHUF,exotic,usdhuf,M6,,,0,pending,
USDHUF,exotic,usdhuf,M10,,,0,pending,
USDHUF,exotic,usdhuf,M12,,,0,pending,
USDHUF,exotic,usdhuf,M15,,,0,pending,
USDHUF,exotic,usdhuf,M20,,,0,pending,
USDHUF,exotic,usdhuf,M30,,,0,pending,
USDHUF,exotic,usdhuf,H1,,,0,pending,
USDHUF,exotic,usdhuf,H2,,,0,pending,
USDHUF,exotic,usdhuf,H3,,,0,pending,
USDHUF,exotic,usdhuf,H4,,,0,pending,
USDHUF,exotic,usdhuf,H6,,,0,pending,
USDHUF,exotic,usdhuf,H8,,,0,pending,
USDHUF,exotic,usdhuf,H12,,,0,pending,
USDHUF,exotic,usdhuf,D1,,,0,pending,
USDHUF,exotic,usdhuf,W1,,,0,pending,
USDHUF,exotic,usdhuf,MN1,,,0,pending,
USDILS,exotic,usdils,M1,,,0,pending,
USDILS,exotic,usdils,M2,,,0,pending,
USDILS,exotic,usdils,M3,,,0,pending,
USDILS,exotic,usdils,M4,,,0,pending,
USDILS,exotic,usdils,M5,,,0,pending,
USDILS,exotic,usdils,M6,,,0,pending,
USDILS,exotic,usdils,M10,,,0,pending,
USDILS,exotic,usdils,M12,,,0,pending,
USDILS,exotic,usdils,M15,,,0,pending,
USDILS,exotic,usdils,M20,,,0,pending,
USDILS,exotic,usdils,M30,,,0,pending,
USDILS,exotic,usdils,H1,,,0,pending,
USDILS,exotic,usdils,H2,,,0,pending,
USDILS,exotic,usdils,H3,,,0,pending,
USDILS,exotic,usdils,H4,,,0,pending,
USDILS,exotic,usdils,H6,,,0,pending,
USDILS,exotic,usdils,H8,,,0,pending,
USDILS,exotic,usdils,H12,,,0,pending,
USDILS,exotic,usdils,D1,,,0,pending,
USDILS,exotic,usdils,W1,,,0,pending,
USDILS,exotic,usdils,MN1,,,0,pending,
USDMXN,exotic,usdmxn,M1,,,0,pending,
USDMXN,exotic,usdmxn,M2,,,0,pending,
USDMXN,exotic,usdmxn,M3,,,0,pending,
USDMXN,exotic,usdmxn,M4,,,0,pending,
USDMXN,exotic,usdmxn,M5,,,0,pending,
USDMXN,exotic,usdmxn,M6,,,0,pending,
USDMXN,exotic,usdmxn,M10,,,0,pending,
USDMXN,exotic,usdmxn,M12,,,0,pending,
USDMXN,exotic,usdmxn,M15,,,0,pending,
USDMXN,exotic,usdmxn,M20,,,0,pending,
USDMXN,exotic,usdmxn,M30,,,0,pending,
USDMXN,exotic,usdmxn,H1,,,0,pending,
USDMXN,exotic,usdmxn,H2,,,0,pending,
USDMXN,exotic,usdmxn,H3,,,0,pending,
USDMXN,exotic,usdmxn,H4,,,0,pending,
USDMXN,exotic,usdmxn,H6,,,0,pending,
USDMXN,exotic,usdmxn,H8,,,0,pending,
USDMXN,exotic,usdmxn,H12,,,0,pending,
USDMXN,exotic,usdmxn,D1,,,0,pending,
USDMXN,exotic,usdmxn,W1,,,0,pending,
USDMXN,exotic,usdmxn,MN1,,,0,pending,
USDNOK,exotic,usdnok,M1,,,0,pending,
USDNOK,exotic,usdnok,M2,,,0,pending,
USDNOK,exotic,usdnok,M3,,,0,pending,
USDNOK,exotic,usdnok,M4,,,0,pending,
USDNOK,exotic,usdnok,M5,,,0,pending,
USDNOK,exotic,usdnok,M6,,,0,pending,
USDNOK,exotic,usdnok,M10,,,0,pending,
USDNOK,exotic,usdnok,M12,,,0,pending,
USDNOK,exotic,usdnok,M15,,,0,pending,
USDNOK,exotic,usdnok,M20,,,0,pending,
USDNOK,exotic,usdnok,M30,,,0,pending,
USDNOK,exotic,usdnok,H1,,,0,pending,
USDNOK,exotic,usdnok,H2,,,0,pending,
USDNOK,exotic,usdnok,H3,,,0,pending,
USDNOK,exotic,usdnok,H4,,,0,pending,
USDNOK,exotic,usdnok,H6,,,0,pending,
USDNOK,exotic,usdnok,H8,,,0,pending,
USDNOK,exotic,usdnok,H12,,,0,pending,
USDNOK,exotic,usdnok,D1,,,0,pending,
USDNOK,exotic,usdnok,W1,,,0,pending,
USDNOK,exotic,usdnok,MN1,,,0,pending,
USDPLN,exotic,usdpln,M1,,,0,pending,
USDPLN,exotic,usdpln,M2,,,0,pending,
USDPLN,exotic,usdpln,M3,,,0,pending,
USDPLN,exotic,usdpln,M4,,,0,pending,
USDPLN,exotic,usdpln,M5,,,0,pending,
USDPLN,exotic,usdpln,M6,,,0,pending,
USDPLN,exotic,usdpln,M10,,,0,pending,
USDPLN,exotic,usdpln,M12,,,0,pending,
USDPLN,exotic,usdpln,M15,,,0,pending,
USDPLN,exotic,usdpln,M20,,,0,pending,
USDPLN,exotic,usdpln,M30,,,0,pending,
USDPLN,exotic,usdpln,H1,,,0,pending,
USDPLN,exotic,usdpln,H2,,,0,pending,
USDPLN,exotic,usdpln,H3,,,0,pending,
USDPLN,exotic,usdpln,H4,,,0,pending,
USDPLN,exotic,usdpln,H6,,,0,pending,
USDPLN,exotic,usdpln,H8,,,0,pending,
USDPLN,exotic,usdpln,H12,,,0,pending,
USDPLN,exotic,usdpln,D1,,,0,pending,
USDPLN,exotic,usdpln,W1,,,0,pending,
USDPLN,exotic,usdpln,MN1,,,0,pending,
USDSEK,exotic,usdsek,M1,,,0,pending,
USDSEK,exotic,usdsek,M2,,,0,pending,
USDSEK,exotic,usdsek,M3,,,0,pending,
USDSEK,exotic,usdsek,M4,,,0,pending,
USDSEK,exotic,usdsek,M5,,,0,pending,
USDSEK,exotic,usdsek,M6,,,0,pending,
USDSEK,exotic,usdsek,M10,,,0,pending,
USDSEK,exotic,usdsek,M12,,,0,pending,
USDSEK,exotic,usdsek,M15,,,0,pending,
USDSEK,exotic,usdsek,M20,,,0,pending,
USDSEK,exotic,usdsek,M30,,,0,pending,
USDSEK,exotic,usdsek,H1,,,0,pending,
USDSEK,exotic,usdsek,H2,,,0,pending,
USDSEK,exotic,usdsek,H3,,,0,pending,
USDSEK,exotic,usdsek,H4,,,0,pending,
USDSEK,exotic,usdsek,H6,,,0,pending,
USDSEK,exotic,usdsek,H8,,,0,pending,
USDSEK,exotic,usdsek,H12,,,0,pending,
USDSEK,exotic,usdsek,D1,,,0,pending,
USDSEK,exotic,usdsek,W1,,,0,pending,
USDSEK,exotic,usdsek,MN1,,,0,pending,
USDSGD,exotic,usdsgd,M1,,,0,pending,
USDSGD,exotic,usdsgd,M2,,,0,pending,
USDSGD,exotic,usdsgd,M3,,,0,pending,
USDSGD,exotic,usdsgd,M4,,,0,pending,
USDSGD,exotic,usdsgd,M5,,,0,pending,
USDSGD,exotic,usdsgd,M6,,,0,pending,
USDSGD,exotic,usdsgd,M10,,,0,pending,
USDSGD,exotic,usdsgd,M12,,,0,pending,
USDSGD,exotic,usdsgd,M15,,,0,pending,
USDSGD,exotic,usdsgd,M20,,,0,pending,
USDSGD,exotic,usdsgd,M30,,,0,pending,
USDSGD,exotic,usdsgd,H1,,,0,pending,
USDSGD,exotic,usdsgd,H2,,,0,pending,
USDSGD,exotic,usdsgd,H3,,,0,pending,
USDSGD,exotic,usdsgd,H4,,,0,pending,
USDSGD,exotic,usdsgd,H6,,,0,pending,
USDSGD,exotic,usdsgd,H8,,,0,pending,
USDSGD,exotic,usdsgd,H12,,,0,pending,
USDSGD,exotic,usdsgd,D1,,,0,pending,
USDSGD,exotic,usdsgd,W1,,,0,pending,
USDSGD,exotic,usdsgd,MN1,,,0,pending,
USDTHB,exotic,usdthb,M1,,,0,pending,
USDTHB,exotic,usdthb,M2,,,0,pending,
USDTHB,exotic,usdthb,M3,,,0,pending,
USDTHB,exotic,usdthb,M4,,,0,pending,
USDTHB,exotic,usdthb,M5,,,0,pending,
USDTHB,exotic,usdthb,M6,,,0,pending,
USDTHB,exotic,usdthb,M10,,,0,pending,
USDTHB,exotic,usdthb,M12,,,0,pending,
USDTHB,exotic,usdthb,M15,,,0,pending,
USDTHB,exotic,usdthb,M20,,,0,pending,
USDTHB,exotic,usdthb,M30,,,0,pending,
USDTHB,exotic,usdthb,H1,,,0,pending,
USDTHB,exotic,usdthb,H2,,,0,pending,
USDTHB,exotic,usdthb,H3,,,0,pending,
USDTHB,exotic,usdthb,H4,,,0,pending,
USDTHB,exotic,usdthb,H6,,,0,pending,
USDTHB,exotic,usdthb,H8,,,0,pending,
USDTHB,exotic,usdthb,H12,,,0,pending,
USDTHB,exotic,usdthb,D1,,,0,pending,
USDTHB,exotic,usdthb,W1,,,0,pending,
USDTHB,exotic,usdthb,MN1,,,0,pending,
USDTRY,exotic,usdtry,M1,,,0,pending,
USDTRY,exotic,usdtry,M2,,,0,pending,
USDTRY,exotic,usdtry,M3,,,0,pending,
USDTRY,exotic,usdtry,M4,,,0,pending,
USDTRY,exotic,usdtry,M5,,,0,pending,
USDTRY,exotic,usdtry,M6,,,0,pending,
USDTRY,exotic,usdtry,M10,,,0,pending,
USDTRY,exotic,usdtry,M12,,,0,pending,
USDTRY,exotic,usdtry,M15,,,0,pending,
USDTRY,exotic,usdtry,M20,,,0,pending,
USDTRY,exotic,usdtry,M30,,,0,pending,
USDTRY,exotic,usdtry,H1,,,0,pending,
USDTRY,exotic,usdtry,H2,,,0,pending,
USDTRY,exotic,usdtry,H3,,,0,pending,
USDTRY,exotic,usdtry,H4,,,0,pending,
USDTRY,exotic,usdtry,H6,,,0,pending,
USDTRY,exotic,usdtry,H8,,,0,pending,
USDTRY,exotic,usdtry,H12,,,0,pending,
USDTRY,exotic,usdtry,D1,,,0,pending,
USDTRY,exotic,usdtry,W1,,,0,pending,
USDTRY,exotic,usdtry,MN1,,,0,pending,
USDZAR,exotic,usdzar,M1,,,0,pending,
USDZAR,exotic,usdzar,M2,,,0,pending,
USDZAR,exotic,usdzar,M3,,,0,pending,
USDZAR,exotic,usdzar,M4,,,0,pending,
USDZAR,exotic,usdzar,M5,,,0,pending,
USDZAR,exotic,usdzar,M6,,,0,pending,
USDZAR,exotic,usdzar,M10,,,0,pending,
USDZAR,exotic,usdzar,M12,,,0,pending,
USDZAR,exotic,usdzar,M15,,,0,pending,
USDZAR,exotic,usdzar,M20,,,0,pending,
USDZAR,exotic,usdzar,M30,,,0,pending,
USDZAR,exotic,usdzar,H1,,,0,pending,
USDZAR,exotic,usdzar,H2,,,0,pending,
USDZAR,exotic,usdzar,H3,,,0,pending,
USDZAR,exotic,usdzar,H4,,,0,pending,
USDZAR,exotic,usdzar,H6,,,0,pending,
USDZAR,exotic,usdzar,H8,,,0,pending,
USDZAR,exotic,usdzar,H12,,,0,pending,
USDZAR,exotic,usdzar,D1,,,0,pending,
USDZAR,exotic,usdzar,W1,,,0,pending,
USDZAR,exotic,usdzar,MN1,,,0,pending,
XAUUSD,metal,xauusd,M1,,,0,pending,
XAUUSD,metal,xauusd,M2,,,0,pending,
XAUUSD,metal,xauusd,M3,,,0,pending,
XAUUSD,metal,xauusd,M4,,,0,pending,
XAUUSD,metal,xauusd,M5,,,0,pending,
XAUUSD,metal,xauusd,M6,,,0,pending,
XAUUSD,metal,xauusd,M10,,,0,pending,
XAUUSD,metal,xauusd,M12,,,0,pending,
XAUUSD,metal,xauusd,M15,,,0,pending,
XAUUSD,metal,xauusd,M20,,,0,pending,
XAUUSD,metal,xauusd,M30,,,0,pending,
XAUUSD,metal,xauusd,H1,,,0,pending,
XAUUSD,metal,xauusd,H2,,,0,pending,
XAUUSD,metal,xauusd,H3,,,0,pending,
XAUUSD,metal,xauusd,H4,,,0,pending,
XAUUSD,metal,xauusd,H6,,,0,pending,
XAUUSD,metal,xauusd,H8,,,0,pending,
XAUUSD,metal,xauusd,H12,,,0,pending,
XAUUSD,metal,xauusd,D1,,,0,pending,
XAUUSD,metal,xauusd,W1,,,0,pending,
XAUUSD,metal,xauusd,MN1,,,0,pending,
XAGUSD,metal,xagusd,M1,,,0,pending,
XAGUSD,metal,xagusd,M2,,,0,pending,
XAGUSD,metal,xagusd,M3,,,0,pending,
XAGUSD,metal,xagusd,M4,,,0,pending,
XAGUSD,metal,xagusd,M5,,,0,pending,
XAGUSD,metal,xagusd,M6,,,0,pending,
XAGUSD,metal,xagusd,M10,,,0,pending,
XAGUSD,metal,xagusd,M12,,,0,pending,
XAGUSD,metal,xagusd,M15,,,0,pending,
XAGUSD,metal,xagusd,M20,,,0,pending,
XAGUSD,metal,xagusd,M30,,,0,pending,
XAGUSD,metal,xagusd,H1,,,0,pending,
XAGUSD,metal,xagusd,H2,,,0,pending,
XAGUSD,metal,xagusd,H3,,,0,pending,
XAGUSD,metal,xagusd,H4,,,0,pending,
XAGUSD,metal,xagusd,H6,,,0,pending,
XAGUSD,metal,xagusd,H8,,,0,pending,
XAGUSD,metal,xagusd,H12,,,0,pending,
XAGUSD,metal,xagusd,D1,,,0,pending,
XAGUSD,metal,xagusd,W1,,,0,pending,
XAGUSD,metal,xagusd,MN1,,,0,pending,
XAUEUR,metal,xaueur,M1,,,0,pending,
XAUEUR,metal,xaueur,M2,,,0,pending,
XAUEUR,metal,xaueur,M3,,,0,pending,
XAUEUR,metal,xaueur,M4,,,0,pending,
XAUEUR,metal,xaueur,M5,,,0,pending,
XAUEUR,metal,xaueur,M6,,,0,pending,
XAUEUR,metal,xaueur,M10,,,0,pending,
XAUEUR,metal,xaueur,M12,,,0,pending,
XAUEUR,metal,xaueur,M15,,,0,pending,
XAUEUR,metal,xaueur,M20,,,0,pending,
XAUEUR,metal,xaueur,M30,,,0,pending,
XAUEUR,metal,xaueur,H1,,,0,pending,
XAUEUR,metal,xaueur,H2,,,0,pending,
XAUEUR,metal,xaueur,H3,,,0,pending,
XAUEUR,metal,xaueur,H4,,,0,pending,
XAUEUR,metal,xaueur,H6,,,0,pending,
XAUEUR,metal,xaueur,H8,,,0,pending,
XAUEUR,metal,xaueur,H12,,,0,pending,
XAUEUR,metal,xaueur,D1,,,0,pending,
XAUEUR,metal,xaueur,W1,,,0,pending,
XAUEUR,metal,xaueur,MN1,,,0,pending,
XAGEUR,metal,xageur,M1,,,0,pending,
XAGEUR,metal,xageur,M2,,,0,pending,
XAGEUR,metal,xageur,M3,,,0,pending,
XAGEUR,metal,xageur,M4,,,0,pending,
XAGEUR,metal,xageur,M5,,,0,pending,
XAGEUR,metal,xageur,M6,,,0,pending,
XAGEUR,metal,xageur,M10,,,0,pending,
XAGEUR,metal,xageur,M12,,,0,pending,
XAGEUR,metal,xageur,M15,,,0,pending,
XAGEUR,metal,xageur,M20,,,0,pending,
XAGEUR,metal,xageur,M30,,,0,pending,
XAGEUR,metal,xageur,H1,,,0,pending,
XAGEUR,metal,xageur,H2,,,0,pending,
XAGEUR,metal,xageur,H3,,,0,pending,
XAGEUR,metal,xageur,H4,,,0,pending,
XAGEUR,metal,xageur,H6,,,0,pending,
XAGEUR,metal,xageur,H8,,,0,pending,
XAGEUR,metal,xageur,H12,,,0,pending,
XAGEUR,metal,xageur,D1,,,0,pending,
XAGEUR,metal,xageur,W1,,,0,pending,
XAGEUR,metal,xageur,MN1,,,0,pending,
XAGAUD,metal,xagaud,M1,,,0,pending,
XAGAUD,metal,xagaud,M2,,,0,pending,
XAGAUD,metal,xagaud,M3,,,0,pending,
XAGAUD,metal,xagaud,M4,,,0,pending,
XAGAUD,metal,xagaud,M5,,,0,pending,
XAGAUD,metal,xagaud,M6,,,0,pending,
XAGAUD,metal,xagaud,M10,,,0,pending,
XAGAUD,metal,xagaud,M12,,,0,pending,
XAGAUD,metal,xagaud,M15,,,0,pending,
XAGAUD,metal,xagaud,M20,,,0,pending,
XAGAUD,metal,xagaud,M30,,,0,pending,
XAGAUD,metal,xagaud,H1,,,0,pending,
XAGAUD,metal,xagaud,H2,,,0,pending,
XAGAUD,metal,xagaud,H3,,,0,pending,
XAGAUD,metal,xagaud,H4,,,0,pending,
XAGAUD,metal,xagaud,H6,,,0,pending,
XAGAUD,metal,xagaud,H8,,,0,pending,
XAGAUD,metal,xagaud,H12,,,0,pending,
XAGAUD,metal,xagaud,D1,,,0,pending,
XAGAUD,metal,xagaud,W1,,,0,pending,
XAGAUD,metal,xagaud,MN1,,,0,pending,
XPTUSD,metal,xptcmdusd,M1,,,0,pending,
XPTUSD,metal,xptcmdusd,M2,,,0,pending,
XPTUSD,metal,xptcmdusd,M3,,,0,pending,
XPTUSD,metal,xptcmdusd,M4,,,0,pending,
XPTUSD,metal,xptcmdusd,M5,,,0,pending,
XPTUSD,metal,xptcmdusd,M6,,,0,pending,
XPTUSD,metal,xptcmdusd,M10,,,0,pending,
XPTUSD,metal,xptcmdusd,M12,,,0,pending,
XPTUSD,metal,xptcmdusd,M15,,,0,pending,
XPTUSD,metal,xptcmdusd,M20,,,0,pending,
XPTUSD,metal,xptcmdusd,M30,,,0,pending,
XPTUSD,metal,xptcmdusd,H1,,,0,pending,
XPTUSD,metal,xptcmdusd,H2,,,0,pending,
XPTUSD,metal,xptcmdusd,H3,,,0,pending,
XPTUSD,metal,xptcmdusd,H4,,,0,pending,
XPTUSD,metal,xptcmdusd,H6,,,0,pending,
XPTUSD,metal,xptcmdusd,H8,,,0,pending,
XPTUSD,metal,xptcmdusd,H12,,,0,pending,
XPTUSD,metal,xptcmdusd,D1,,,0,pending,
XPTUSD,metal,xptcmdusd,W1,,,0,pending,
XPTUSD,metal,xptcmdusd,MN1,,,0,pending,
XPDUSD,metal,xpdcmdusd,M1,,,0,pending,
XPDUSD,metal,xpdcmdusd,M2,,,0,pending,
XPDUSD,metal,xpdcmdusd,M3,,,0,pending,
XPDUSD,metal,xpdcmdusd,M4,,,0,pending,
XPDUSD,metal,xpdcmdusd,M5,,,0,pending,
XPDUSD,metal,xpdcmdusd,M6,,,0,pending,
XPDUSD,metal,xpdcmdusd,M10,,,0,pending,
XPDUSD,metal,xpdcmdusd,M12,,,0,pending,
XPDUSD,metal,xpdcmdusd,M15,,,0,pending,
XPDUSD,metal,xpdcmdusd,M20,,,0,pending,
XPDUSD,metal,xpdcmdusd,M30,,,0,pending,
XPDUSD,metal,xpdcmdusd,H1,,,0,pending,
XPDUSD,metal,xpdcmdusd,H2,,,0,pending,
XPDUSD,metal,xpdcmdusd,H3,,,0,pending,
XPDUSD,metal,xpdcmdusd,H4,,,0,pending,
XPDUSD,metal,xpdcmdusd,H6,,,0,pending,
XPDUSD,metal,xpdcmdusd,H8,,,0,pending,
XPDUSD,metal,xpdcmdusd,H12,,,0,pending,
XPDUSD,metal,xpdcmdusd,D1,,,0,pending,
XPDUSD,metal,xpdcmdusd,W1,,,0,pending,
XPDUSD,metal,xpdcmdusd,MN1,,,0,pending,
XCUUSD,metal,coppercmdusd,M1,,,0,pending,
XCUUSD,metal,coppercmdusd,M2,,,0,pending,
XCUUSD,metal,coppercmdusd,M3,,,0,pending,
XCUUSD,metal,coppercmdusd,M4,,,0,pending,
XCUUSD,metal,coppercmdusd,M5,,,0,pending,
XCUUSD,metal,coppercmdusd,M6,,,0,pending,
XCUUSD,metal,coppercmdusd,M10,,,0,pending,
XCUUSD,metal,coppercmdusd,M12,,,0,pending,
XCUUSD,metal,coppercmdusd,M15,,,0,pending,
XCUUSD,metal,coppercmdusd,M20,,,0,pending,
XCUUSD,metal,coppercmdusd,M30,,,0,pending,
XCUUSD,metal,coppercmdusd,H1,,,0,pending,
XCUUSD,metal,coppercmdusd,H2,,,0,pending,
XCUUSD,metal,coppercmdusd,H3,,,0,pending,
XCUUSD,metal,coppercmdusd,H4,,,0,pending,
XCUUSD,metal,coppercmdusd,H6,,,0,pending,
XCUUSD,metal,coppercmdusd,H8,,,0,pending,
XCUUSD,metal,coppercmdusd,H12,,,0,pending,
XCUUSD,metal,coppercmdusd,D1,,,0,pending,
XCUUSD,metal,coppercmdusd,W1,,,0,pending,
XCUUSD,metal,coppercmdusd,MN1,,,0,pending,
US500.cash,index,usa500idxusd,M1,,,0,pending,
US500.cash,index,usa500idxusd,M2,,,0,pending,
US500.cash,index,usa500idxusd,M3,,,0,pending,
US500.cash,index,usa500idxusd,M4,,,0,pending,
US500.cash,index,usa500idxusd,M5,,,0,pending,
US500.cash,index,usa500idxusd,M6,,,0,pending,
US500.cash,index,usa500idxusd,M10,,,0,pending,
US500.cash,index,usa500idxusd,M12,,,0,pending,
US500.cash,index,usa500idxusd,M15,,,0,pending,
US500.cash,index,usa500idxusd,M20,,,0,pending,
US500.cash,index,usa500idxusd,M30,,,0,pending,
US500.cash,index,usa500idxusd,H1,,,0,pending,
US500.cash,index,usa500idxusd,H2,,,0,pending,
US500.cash,index,usa500idxusd,H3,,,0,pending,
US500.cash,index,usa500idxusd,H4,,,0,pending,
US500.cash,index,usa500idxusd,H6,,,0,pending,
US500.cash,index,usa500idxusd,H8,,,0,pending,
US500.cash,index,usa500idxusd,H12,,,0,pending,
US500.cash,index,usa500idxusd,D1,,,0,pending,
US500.cash,index,usa500idxusd,W1,,,0,pending,
US500.cash,index,usa500idxusd,MN1,,,0,pending,
US30.cash,index,usa30idxusd,M1,,,0,pending,
US30.cash,index,usa30idxusd,M2,,,0,pending,
US30.cash,index,usa30idxusd,M3,,,0,pending,
US30.cash,index,usa30idxusd,M4,,,0,pending,
US30.cash,index,usa30idxusd,M5,,,0,pending,
US30.cash,index,usa30idxusd,M6,,,0,pending,
US30.cash,index,usa30idxusd,M10,,,0,pending,
US30.cash,index,usa30idxusd,M12,,,0,pending,
US30.cash,index,usa30idxusd,M15,,,0,pending,
US30.cash,index,usa30idxusd,M20,,,0,pending,
US30.cash,index,usa30idxusd,M30,,,0,pending,
US30.cash,index,usa30idxusd,H1,,,0,pending,
US30.cash,index,usa30idxusd,H2,,,0,pending,
US30.cash,index,usa30idxusd,H3,,,0,pending,
US30.cash,index,usa30idxusd,H4,,,0,pending,
US30.cash,index,usa30idxusd,H6,,,0,pending,
US30.cash,index,usa30idxusd,H8,,,0,pending,
US30.cash,index,usa30idxusd,H12,,,0,pending,
US30.cash,index,usa30idxusd,D1,,,0,pending,
US30.cash,index,usa30idxusd,W1,,,0,pending,
US30.cash,index,usa30idxusd,MN1,,,0,pending,
US100.cash,index,usatechidxusd,M1,,,0,pending,
US100.cash,index,usatechidxusd,M2,,,0,pending,
US100.cash,index,usatechidxusd,M3,,,0,pending,
US100.cash,index,usatechidxusd,M4,,,0,pending,
US100.cash,index,usatechidxusd,M5,,,0,pending,
US100.cash,index,usatechidxusd,M6,,,0,pending,
US100.cash,index,usatechidxusd,M10,,,0,pending,
US100.cash,index,usatechidxusd,M12,,,0,pending,
US100.cash,index,usatechidxusd,M15,,,0,pending,
US100.cash,index,usatechidxusd,M20,,,0,pending,
US100.cash,index,usatechidxusd,M30,,,0,pending,
US100.cash,index,usatechidxusd,H1,,,0,pending,
US100.cash,index,usatechidxusd,H2,,,0,pending,
US100.cash,index,usatechidxusd,H3,,,0,pending,
US100.cash,index,usatechidxusd,H4,,,0,pending,
US100.cash,index,usatechidxusd,H6,,,0,pending,
US100.cash,index,usatechidxusd,H8,,,0,pending,
US100.cash,index,usatechidxusd,H12,,,0,pending,
US100.cash,index,usatechidxusd,D1,,,0,pending,
US100.cash,index,usatechidxusd,W1,,,0,pending,
US100.cash,index,usatechidxusd,MN1,,,0,pending,
US2000.cash,index,ussc2000idxusd,M1,,,0,pending,
US2000.cash,index,ussc2000idxusd,M2,,,0,pending,
US2000.cash,index,ussc2000idxusd,M3,,,0,pending,
US2000.cash,index,ussc2000idxusd,M4,,,0,pending,
US2000.cash,index,ussc2000idxusd,M5,,,0,pending,
US2000.cash,index,ussc2000idxusd,M6,,,0,pending,
US2000.cash,index,ussc2000idxusd,M10,,,0,pending,
US2000.cash,index,ussc2000idxusd,M12,,,0,pending,
US2000.cash,index,ussc2000idxusd,M15,,,0,pending,
US2000.cash,index,ussc2000idxusd,M20,,,0,pending,
US2000.cash,index,ussc2000idxusd,M30,,,0,pending,
US2000.cash,index,ussc2000idxusd,H1,,,0,pending,
US2000.cash,index,ussc2000idxusd,H2,,,0,pending,
US2000.cash,index,ussc2000idxusd,H3,,,0,pending,
US2000.cash,index,ussc2000idxusd,H4,,,0,pending,
US2000.cash,index,ussc2000idxusd,H6,,,0,pending,
US2000.cash,index,ussc2000idxusd,H8,,,0,pending,
US2000.cash,index,ussc2000idxusd,H12,,,0,pending,
US2000.cash,index,ussc2000idxusd,D1,,,0,pending,
US2000.cash,index,ussc2000idxusd,W1,,,0,pending,
US2000.cash,index,ussc2000idxusd,MN1,,,0,pending,
GER40.cash,index,deuidxeur,M1,,,0,pending,
GER40.cash,index,deuidxeur,M2,,,0,pending,
GER40.cash,index,deuidxeur,M3,,,0,pending,
GER40.cash,index,deuidxeur,M4,,,0,pending,
GER40.cash,index,deuidxeur,M5,,,0,pending,
GER40.cash,index,deuidxeur,M6,,,0,pending,
GER40.cash,index,deuidxeur,M10,,,0,pending,
GER40.cash,index,deuidxeur,M12,,,0,pending,
GER40.cash,index,deuidxeur,M15,,,0,pending,
GER40.cash,index,deuidxeur,M20,,,0,pending,
GER40.cash,index,deuidxeur,M30,,,0,pending,
GER40.cash,index,deuidxeur,H1,,,0,pending,
GER40.cash,index,deuidxeur,H2,,,0,pending,
GER40.cash,index,deuidxeur,H3,,,0,pending,
GER40.cash,index,deuidxeur,H4,,,0,pending,
GER40.cash,index,deuidxeur,H6,,,0,pending,
GER40.cash,index,deuidxeur,H8,,,0,pending,
GER40.cash,index,deuidxeur,H12,,,0,pending,
GER40.cash,index,deuidxeur,D1,,,0,pending,
GER40.cash,index,deuidxeur,W1,,,0,pending,
GER40.cash,index,deuidxeur,MN1,,,0,pending,
UK100.cash,index,gbridxgbp,M1,,,0,pending,
UK100.cash,index,gbridxgbp,M2,,,0,pending,
UK100.cash,index,gbridxgbp,M3,,,0,pending,
UK100.cash,index,gbridxgbp,M4,,,0,pending,
UK100.cash,index,gbridxgbp,M5,,,0,pending,
UK100.cash,index,gbridxgbp,M6,,,0,pending,
UK100.cash,index,gbridxgbp,M10,,,0,pending,
UK100.cash,index,gbridxgbp,M12,,,0,pending,
UK100.cash,index,gbridxgbp,M15,,,0,pending,
UK100.cash,index,gbridxgbp,M20,,,0,pending,
UK100.cash,index,gbridxgbp,M30,,,0,pending,
UK100.cash,index,gbridxgbp,H1,,,0,pending,
UK100.cash,index,gbridxgbp,H2,,,0,pending,
UK100.cash,index,gbridxgbp,H3,,,0,pending,
UK100.cash,index,gbridxgbp,H4,,,0,pending,
UK100.cash,index,gbridxgbp,H6,,,0,pending,
UK100.cash,index,gbridxgbp,H8,,,0,pending,
UK100.cash,index,gbridxgbp,H12,,,0,pending,
UK100.cash,index,gbridxgbp,D1,,,0,pending,
UK100.cash,index,gbridxgbp,W1,,,0,pending,
UK100.cash,index,gbridxgbp,MN1,,,0,pending,
FRA40.cash,index,fraidxeur,M1,,,0,pending,
FRA40.cash,index,fraidxeur,M2,,,0,pending,
FRA40.cash,index,fraidxeur,M3,,,0,pending,
FRA40.cash,index,fraidxeur,M4,,,0,pending,
FRA40.cash,index,fraidxeur,M5,,,0,pending,
FRA40.cash,index,fraidxeur,M6,,,0,pending,
FRA40.cash,index,fraidxeur,M10,,,0,pending,
FRA40.cash,index,fraidxeur,M12,,,0,pending,
FRA40.cash,index,fraidxeur,M15,,,0,pending,
FRA40.cash,index,fraidxeur,M20,,,0,pending,
FRA40.cash,index,fraidxeur,M30,,,0,pending,
FRA40.cash,index,fraidxeur,H1,,,0,pending,
FRA40.cash,index,fraidxeur,H2,,,0,pending,
FRA40.cash,index,fraidxeur,H3,,,0,pending,
FRA40.cash,index,fraidxeur,H4,,,0,pending,
FRA40.cash,index,fraidxeur,H6,,,0,pending,
FRA40.cash,index,fraidxeur,H8,,,0,pending,
FRA40.cash,index,fraidxeur,H12,,,0,pending,
FRA40.cash,index,fraidxeur,D1,,,0,pending,
FRA40.cash,index,fraidxeur,W1,,,0,pending,
FRA40.cash,index,fraidxeur,MN1,,,0,pending,
EU50.cash,index,eusidxeur,M1,,,0,pending,
EU50.cash,index,eusidxeur,M2,,,0,pending,
EU50.cash,index,eusidxeur,M3,,,0,pending,
EU50.cash,index,eusidxeur,M4,,,0,pending,
EU50.cash,index,eusidxeur,M5,,,0,pending,
EU50.cash,index,eusidxeur,M6,,,0,pending,
EU50.cash,index,eusidxeur,M10,,,0,pending,
EU50.cash,index,eusidxeur,M12,,,0,pending,
EU50.cash,index,eusidxeur,M15,,,0,pending,
EU50.cash,index,eusidxeur,M20,,,0,pending,
EU50.cash,index,eusidxeur,M30,,,0,pending,
EU50.cash,index,eusidxeur,H1,,,0,pending,
EU50.cash,index,eusidxeur,H2,,,0,pending,
EU50.cash,index,eusidxeur,H3,,,0,pending,
EU50.cash,index,eusidxeur,H4,,,0,pending,
EU50.cash,index,eusidxeur,H6,,,0,pending,
EU50.cash,index,eusidxeur,H8,,,0,pending,
EU50.cash,index,eusidxeur,H12,,,0,pending,
EU50.cash,index,eusidxeur,D1,,,0,pending,
EU50.cash,index,eusidxeur,W1,,,0,pending,
EU50.cash,index,eusidxeur,MN1,,,0,pending,
SPN35.cash,index,espidxeur,M1,,,0,pending,
SPN35.cash,index,espidxeur,M2,,,0,pending,
SPN35.cash,index,espidxeur,M3,,,0,pending,
SPN35.cash,index,espidxeur,M4,,,0,pending,
SPN35.cash,index,espidxeur,M5,,,0,pending,
SPN35.cash,index,espidxeur,M6,,,0,pending,
SPN35.cash,index,espidxeur,M10,,,0,pending,
SPN35.cash,index,espidxeur,M12,,,0,pending,
SPN35.cash,index,espidxeur,M15,,,0,pending,
SPN35.cash,index,espidxeur,M20,,,0,pending,
SPN35.cash,index,espidxeur,M30,,,0,pending,
SPN35.cash,index,espidxeur,H1,,,0,pending,
SPN35.cash,index,espidxeur,H2,,,0,pending,
SPN35.cash,index,espidxeur,H3,,,0,pending,
SPN35.cash,index,espidxeur,H4,,,0,pending,
SPN35.cash,index,espidxeur,H6,,,0,pending,
SPN35.cash,index,espidxeur,H8,,,0,pending,
SPN35.cash,index,espidxeur,H12,,,0,pending,
SPN35.cash,index,espidxeur,D1,,,0,pending,
SPN35.cash,index,espidxeur,W1,,,0,pending,
SPN35.cash,index,espidxeur,MN1,,,0,pending,
N25.cash,index,nldidxeur,M1,,,0,pending,
N25.cash,index,nldidxeur,M2,,,0,pending,
N25.cash,index,nldidxeur,M3,,,0,pending,
N25.cash,index,nldidxeur,M4,,,0,pending,
N25.cash,index,nldidxeur,M5,,,0,pending,
N25.cash,index,nldidxeur,M6,,,0,pending,
N25.cash,index,nldidxeur,M10,,,0,pending,
N25.cash,index,nldidxeur,M12,,,0,pending,
N25.cash,index,nldidxeur,M15,,,0,pending,
N25.cash,index,nldidxeur,M20,,,0,pending,
N25.cash,index,nldidxeur,M30,,,0,pending,
N25.cash,index,nldidxeur,H1,,,0,pending,
N25.cash,index,nldidxeur,H2,,,0,pending,
N25.cash,index,nldidxeur,H3,,,0,pending,
N25.cash,index,nldidxeur,H4,,,0,pending,
N25.cash,index,nldidxeur,H6,,,0,pending,
N25.cash,index,nldidxeur,H8,,,0,pending,
N25.cash,index,nldidxeur,H12,,,0,pending,
N25.cash,index,nldidxeur,D1,,,0,pending,
N25.cash,index,nldidxeur,W1,,,0,pending,
N25.cash,index,nldidxeur,MN1,,,0,pending,
JP225.cash,index,jpnidxjpy,M1,,,0,pending,
JP225.cash,index,jpnidxjpy,M2,,,0,pending,
JP225.cash,index,jpnidxjpy,M3,,,0,pending,
JP225.cash,index,jpnidxjpy,M4,,,0,pending,
JP225.cash,index,jpnidxjpy,M5,,,0,pending,
JP225.cash,index,jpnidxjpy,M6,,,0,pending,
JP225.cash,index,jpnidxjpy,M10,,,0,pending,
JP225.cash,index,jpnidxjpy,M12,,,0,pending,
JP225.cash,index,jpnidxjpy,M15,,,0,pending,
JP225.cash,index,jpnidxjpy,M20,,,0,pending,
JP225.cash,index,jpnidxjpy,M30,,,0,pending,
JP225.cash,index,jpnidxjpy,H1,,,0,pending,
JP225.cash,index,jpnidxjpy,H2,,,0,pending,
JP225.cash,index,jpnidxjpy,H3,,,0,pending,
JP225.cash,index,jpnidxjpy,H4,,,0,pending,
JP225.cash,index,jpnidxjpy,H6,,,0,pending,
JP225.cash,index,jpnidxjpy,H8,,,0,pending,
JP225.cash,index,jpnidxjpy,H12,,,0,pending,
JP225.cash,index,jpnidxjpy,D1,,,0,pending,
JP225.cash,index,jpnidxjpy,W1,,,0,pending,
JP225.cash,index,jpnidxjpy,MN1,,,0,pending,
HK50.cash,index,hkgidxhkd,M1,,,0,pending,
HK50.cash,index,hkgidxhkd,M2,,,0,pending,
HK50.cash,index,hkgidxhkd,M3,,,0,pending,
HK50.cash,index,hkgidxhkd,M4,,,0,pending,
HK50.cash,index,hkgidxhkd,M5,,,0,pending,
HK50.cash,index,hkgidxhkd,M6,,,0,pending,
HK50.cash,index,hkgidxhkd,M10,,,0,pending,
HK50.cash,index,hkgidxhkd,M12,,,0,pending,
HK50.cash,index,hkgidxhkd,M15,,,0,pending,
HK50.cash,index,hkgidxhkd,M20,,,0,pending,
HK50.cash,index,hkgidxhkd,M30,,,0,pending,
HK50.cash,index,hkgidxhkd,H1,,,0,pending,
HK50.cash,index,hkgidxhkd,H2,,,0,pending,
HK50.cash,index,hkgidxhkd,H3,,,0,pending,
HK50.cash,index,hkgidxhkd,H4,,,0,pending,
HK50.cash,index,hkgidxhkd,H6,,,0,pending,
HK50.cash,index,hkgidxhkd,H8,,,0,pending,
HK50.cash,index,hkgidxhkd,H12,,,0,pending,
HK50.cash,index,hkgidxhkd,D1,,,0,pending,
HK50.cash,index,hkgidxhkd,W1,,,0,pending,
HK50.cash,index,hkgidxhkd,MN1,,,0,pending,
AUS200.cash,index,ausidxaud,M1,,,0,pending,
AUS200.cash,index,ausidxaud,M2,,,0,pending,
AUS200.cash,index,ausidxaud,M3,,,0,pending,
AUS200.cash,index,ausidxaud,M4,,,0,pending,
AUS200.cash,index,ausidxaud,M5,,,0,pending,
AUS200.cash,index,ausidxaud,M6,,,0,pending,
AUS200.cash,index,ausidxaud,M10,,,0,pending,
AUS200.cash,index,ausidxaud,M12,,,0,pending,
AUS200.cash,index,ausidxaud,M15,,,0,pending,
AUS200.cash,index,ausidxaud,M20,,,0,pending,
AUS200.cash,index,ausidxaud,M30,,,0,pending,
AUS200.cash,index,ausidxaud,H1,,,0,pending,
AUS200.cash,index,ausidxaud,H2,,,0,pending,
AUS200.cash,index,ausidxaud,H3,,,0,pending,
AUS200.cash,index,ausidxaud,H4,,,0,pending,
AUS200.cash,index,ausidxaud,H6,,,0,pending,
AUS200.cash,index,ausidxaud,H8,,,0,pending,
AUS200.cash,index,ausidxaud,H12,,,0,pending,
AUS200.cash,index,ausidxaud,D1,,,0,pending,
AUS200.cash,index,ausidxaud,W1,,,0,pending,
AUS200.cash,index,ausidxaud,MN1,,,0,pending,
DXY.cash,index,dollaridxusd,M1,,,0,pending,
DXY.cash,index,dollaridxusd,M2,,,0,pending,
DXY.cash,index,dollaridxusd,M3,,,0,pending,
DXY.cash,index,dollaridxusd,M4,,,0,pending,
DXY.cash,index,dollaridxusd,M5,,,0,pending,
DXY.cash,index,dollaridxusd,M6,,,0,pending,
DXY.cash,index,dollaridxusd,M10,,,0,pending,
DXY.cash,index,dollaridxusd,M12,,,0,pending,
DXY.cash,index,dollaridxusd,M15,,,0,pending,
DXY.cash,index,dollaridxusd,M20,,,0,pending,
DXY.cash,index,dollaridxusd,M30,,,0,pending,
DXY.cash,index,dollaridxusd,H1,,,0,pending,
DXY.cash,index,dollaridxusd,H2,,,0,pending,
DXY.cash,index,dollaridxusd,H3,,,0,pending,
DXY.cash,index,dollaridxusd,H4,,,0,pending,
DXY.cash,index,dollaridxusd,H6,,,0,pending,
DXY.cash,index,dollaridxusd,H8,,,0,pending,
DXY.cash,index,dollaridxusd,H12,,,0,pending,
DXY.cash,index,dollaridxusd,D1,,,0,pending,
DXY.cash,index,dollaridxusd,W1,,,0,pending,
DXY.cash,index,dollaridxusd,MN1,,,0,pending,
USOIL.cash,energy,lightcmdusd,M1,,,0,pending,
USOIL.cash,energy,lightcmdusd,M2,,,0,pending,
USOIL.cash,energy,lightcmdusd,M3,,,0,pending,
USOIL.cash,energy,lightcmdusd,M4,,,0,pending,
USOIL.cash,energy,lightcmdusd,M5,,,0,pending,
USOIL.cash,energy,lightcmdusd,M6,,,0,pending,
USOIL.cash,energy,lightcmdusd,M10,,,0,pending,
USOIL.cash,energy,lightcmdusd,M12,,,0,pending,
USOIL.cash,energy,lightcmdusd,M15,,,0,pending,
USOIL.cash,energy,lightcmdusd,M20,,,0,pending,
USOIL.cash,energy,lightcmdusd,M30,,,0,pending,
USOIL.cash,energy,lightcmdusd,H1,,,0,pending,
USOIL.cash,energy,lightcmdusd,H2,,,0,pending,
USOIL.cash,energy,lightcmdusd,H3,,,0,pending,
USOIL.cash,energy,lightcmdusd,H4,,,0,pending,
USOIL.cash,energy,lightcmdusd,H6,,,0,pending,
USOIL.cash,energy,lightcmdusd,H8,,,0,pending,
USOIL.cash,energy,lightcmdusd,H12,,,0,pending,
USOIL.cash,energy,lightcmdusd,D1,,,0,pending,
USOIL.cash,energy,lightcmdusd,W1,,,0,pending,
USOIL.cash,energy,lightcmdusd,MN1,,,0,pending,
UKOIL.cash,energy,brentcmdusd,M1,,,0,pending,
UKOIL.cash,energy,brentcmdusd,M2,,,0,pending,
UKOIL.cash,energy,brentcmdusd,M3,,,0,pending,
UKOIL.cash,energy,brentcmdusd,M4,,,0,pending,
UKOIL.cash,energy,brentcmdusd,M5,,,0,pending,
UKOIL.cash,energy,brentcmdusd,M6,,,0,pending,
UKOIL.cash,energy,brentcmdusd,M10,,,0,pending,
UKOIL.cash,energy,brentcmdusd,M12,,,0,pending,
UKOIL.cash,energy,brentcmdusd,M15,,,0,pending,
UKOIL.cash,energy,brentcmdusd,M20,,,0,pending,
UKOIL.cash,energy,brentcmdusd,M30,,,0,pending,
UKOIL.cash,energy,brentcmdusd,H1,,,0,pending,
UKOIL.cash,energy,brentcmdusd,H2,,,0,pending,
UKOIL.cash,energy,brentcmdusd,H3,,,0,pending,
UKOIL.cash,energy,brentcmdusd,H4,,,0,pending,
UKOIL.cash,energy,brentcmdusd,H6,,,0,pending,
UKOIL.cash,energy,brentcmdusd,H8,,,0,pending,
UKOIL.cash,energy,brentcmdusd,H12,,,0,pending,
UKOIL.cash,energy,brentcmdusd,D1,,,0,pending,
UKOIL.cash,energy,brentcmdusd,W1,,,0,pending,
UKOIL.cash,energy,brentcmdusd,MN1,,,0,pending,
NATGAS.cash,energy,gascmdusd,M1,,,0,pending,
NATGAS.cash,energy,gascmdusd,M2,,,0,pending,
NATGAS.cash,energy,gascmdusd,M3,,,0,pending,
NATGAS.cash,energy,gascmdusd,M4,,,0,pending,
NATGAS.cash,energy,gascmdusd,M5,,,0,pending,
NATGAS.cash,energy,gascmdusd,M6,,,0,pending,
NATGAS.cash,energy,gascmdusd,M10,,,0,pending,
NATGAS.cash,energy,gascmdusd,M12,,,0,pending,
NATGAS.cash,energy,gascmdusd,M15,,,0,pending,
NATGAS.cash,energy,gascmdusd,M20,,,0,pending,
NATGAS.cash,energy,gascmdusd,M30,,,0,pending,
NATGAS.cash,energy,gascmdusd,H1,,,0,pending,
NATGAS.cash,energy,gascmdusd,H2,,,0,pending,
NATGAS.cash,energy,gascmdusd,H3,,,0,pending,
NATGAS.cash,energy,gascmdusd,H4,,,0,pending,
NATGAS.cash,energy,gascmdusd,H6,,,0,pending,
NATGAS.cash,energy,gascmdusd,H8,,,0,pending,
NATGAS.cash,energy,gascmdusd,H12,,,0,pending,
NATGAS.cash,energy,gascmdusd,D1,,,0,pending,
NATGAS.cash,energy,gascmdusd,W1,,,0,pending,
NATGAS.cash,energy,gascmdusd,MN1,,,0,pending,
HEATOIL.c,energy,dieselcmdusd,M1,,,0,pending,
HEATOIL.c,energy,dieselcmdusd,M2,,,0,pending,
HEATOIL.c,energy,dieselcmdusd,M3,,,0,pending,
HEATOIL.c,energy,dieselcmdusd,M4,,,0,pending,
HEATOIL.c,energy,dieselcmdusd,M5,,,0,pending,
HEATOIL.c,energy,dieselcmdusd,M6,,,0,pending,
HEATOIL.c,energy,dieselcmdusd,M10,,,0,pending,
HEATOIL.c,energy,dieselcmdusd,M12,,,0,pending,
HEATOIL.c,energy,dieselcmdusd,M15,,,0,pending,
HEATOIL.c,energy,dieselcmdusd,M20,,,0,pending,
HEATOIL.c,energy,dieselcmdusd,M30,,,0,pending,
HEATOIL.c,energy,dieselcmdusd,H1,,,0,pending,
HEATOIL.c,energy,dieselcmdusd,H2,,,0,pending,
HEATOIL.c,energy,dieselcmdusd,H3,,,0,pending,
HEATOIL.c,energy,dieselcmdusd,H4,,,0,pending,
HEATOIL.c,energy,dieselcmdusd,H6,,,0,pending,
HEATOIL.c,energy,dieselcmdusd,H8,,,0,pending,
HEATOIL.c,energy,dieselcmdusd,H12,,,0,pending,
HEATOIL.c,energy,dieselcmdusd,D1,,,0,pending,
HEATOIL.c,energy,dieselcmdusd,W1,,,0,pending,
HEATOIL.c,energy,dieselcmdusd,MN1,,,0,pending,
COCOA.c,agri,cocoacmdusd,M1,,,0,pending,
COCOA.c,agri,cocoacmdusd,M2,,,0,pending,
COCOA.c,agri,cocoacmdusd,M3,,,0,pending,
COCOA.c,agri,cocoacmdusd,M4,,,0,pending,
COCOA.c,agri,cocoacmdusd,M5,,,0,pending,
COCOA.c,agri,cocoacmdusd,M6,,,0,pending,
COCOA.c,agri,cocoacmdusd,M10,,,0,pending,
COCOA.c,agri,cocoacmdusd,M12,,,0,pending,
COCOA.c,agri,cocoacmdusd,M15,,,0,pending,
COCOA.c,agri,cocoacmdusd,M20,,,0,pending,
COCOA.c,agri,cocoacmdusd,M30,,,0,pending,
COCOA.c,agri,cocoacmdusd,H1,,,0,pending,
COCOA.c,agri,cocoacmdusd,H2,,,0,pending,
COCOA.c,agri,cocoacmdusd,H3,,,0,pending,
COCOA.c,agri,cocoacmdusd,H4,,,0,pending,
COCOA.c,agri,cocoacmdusd,H6,,,0,pending,
COCOA.c,agri,cocoacmdusd,H8,,,0,pending,
COCOA.c,agri,cocoacmdusd,H12,,,0,pending,
COCOA.c,agri,cocoacmdusd,D1,,,0,pending,
COCOA.c,agri,cocoacmdusd,W1,,,0,pending,
COCOA.c,agri,cocoacmdusd,MN1,,,0,pending,
COFFEE.c,agri,coffeecmdusx,M1,,,0,pending,
COFFEE.c,agri,coffeecmdusx,M2,,,0,pending,
COFFEE.c,agri,coffeecmdusx,M3,,,0,pending,
COFFEE.c,agri,coffeecmdusx,M4,,,0,pending,
COFFEE.c,agri,coffeecmdusx,M5,,,0,pending,
COFFEE.c,agri,coffeecmdusx,M6,,,0,pending,
COFFEE.c,agri,coffeecmdusx,M10,,,0,pending,
COFFEE.c,agri,coffeecmdusx,M12,,,0,pending,
COFFEE.c,agri,coffeecmdusx,M15,,,0,pending,
COFFEE.c,agri,coffeecmdusx,M20,,,0,pending,
COFFEE.c,agri,coffeecmdusx,M30,,,0,pending,
COFFEE.c,agri,coffeecmdusx,H1,,,0,pending,
COFFEE.c,agri,coffeecmdusx,H2,,,0,pending,
COFFEE.c,agri,coffeecmdusx,H3,,,0,pending,
COFFEE.c,agri,coffeecmdusx,H4,,,0,pending,
COFFEE.c,agri,coffeecmdusx,H6,,,0,pending,
COFFEE.c,agri,coffeecmdusx,H8,,,0,pending,
COFFEE.c,agri,coffeecmdusx,H12,,,0,pending,
COFFEE.c,agri,coffeecmdusx,D1,,,0,pending,
COFFEE.c,agri,coffeecmdusx,W1,,,0,pending,
COFFEE.c,agri,coffeecmdusx,MN1,,,0,pending,
COTTON.c,agri,cottoncmdusx,M1,,,0,pending,
COTTON.c,agri,cottoncmdusx,M2,,,0,pending,
COTTON.c,agri,cottoncmdusx,M3,,,0,pending,
COTTON.c,agri,cottoncmdusx,M4,,,0,pending,
COTTON.c,agri,cottoncmdusx,M5,,,0,pending,
COTTON.c,agri,cottoncmdusx,M6,,,0,pending,
COTTON.c,agri,cottoncmdusx,M10,,,0,pending,
COTTON.c,agri,cottoncmdusx,M12,,,0,pending,
COTTON.c,agri,cottoncmdusx,M15,,,0,pending,
COTTON.c,agri,cottoncmdusx,M20,,,0,pending,
COTTON.c,agri,cottoncmdusx,M30,,,0,pending,
COTTON.c,agri,cottoncmdusx,H1,,,0,pending,
COTTON.c,agri,cottoncmdusx,H2,,,0,pending,
COTTON.c,agri,cottoncmdusx,H3,,,0,pending,
COTTON.c,agri,cottoncmdusx,H4,,,0,pending,
COTTON.c,agri,cottoncmdusx,H6,,,0,pending,
COTTON.c,agri,cottoncmdusx,H8,,,0,pending,
COTTON.c,agri,cottoncmdusx,H12,,,0,pending,
COTTON.c,agri,cottoncmdusx,D1,,,0,pending,
COTTON.c,agri,cottoncmdusx,W1,,,0,pending,
COTTON.c,agri,cottoncmdusx,MN1,,,0,pending,
SOYBEAN.c,agri,soybeancmdusx,M1,,,0,pending,
SOYBEAN.c,agri,soybeancmdusx,M2,,,0,pending,
SOYBEAN.c,agri,soybeancmdusx,M3,,,0,pending,
SOYBEAN.c,agri,soybeancmdusx,M4,,,0,pending,
SOYBEAN.c,agri,soybeancmdusx,M5,,,0,pending,
SOYBEAN.c,agri,soybeancmdusx,M6,,,0,pending,
SOYBEAN.c,agri,soybeancmdusx,M10,,,0,pending,
SOYBEAN.c,agri,soybeancmdusx,M12,,,0,pending,
SOYBEAN.c,agri,soybeancmdusx,M15,,,0,pending,
SOYBEAN.c,agri,soybeancmdusx,M20,,,0,pending,
SOYBEAN.c,agri,soybeancmdusx,M30,,,0,pending,
SOYBEAN.c,agri,soybeancmdusx,H1,,,0,pending,
SOYBEAN.c,agri,soybeancmdusx,H2,,,0,pending,
SOYBEAN.c,agri,soybeancmdusx,H3,,,0,pending,
SOYBEAN.c,agri,soybeancmdusx,H4,,,0,pending,
SOYBEAN.c,agri,soybeancmdusx,H6,,,0,pending,
SOYBEAN.c,agri,soybeancmdusx,H8,,,0,pending,
SOYBEAN.c,agri,soybeancmdusx,H12,,,0,pending,
SOYBEAN.c,agri,soybeancmdusx,D1,,,0,pending,
SOYBEAN.c,agri,soybeancmdusx,W1,,,0,pending,
SOYBEAN.c,agri,soybeancmdusx,MN1,,,0,pending,
SUGAR.c,agri,sugarcmdusd,M1,,,0,pending,
SUGAR.c,agri,sugarcmdusd,M2,,,0,pending,
SUGAR.c,agri,sugarcmdusd,M3,,,0,pending,
SUGAR.c,agri,sugarcmdusd,M4,,,0,pending,
SUGAR.c,agri,sugarcmdusd,M5,,,0,pending,
SUGAR.c,agri,sugarcmdusd,M6,,,0,pending,
SUGAR.c,agri,sugarcmdusd,M10,,,0,pending,
SUGAR.c,agri,sugarcmdusd,M12,,,0,pending,
SUGAR.c,agri,sugarcmdusd,M15,,,0,pending,
SUGAR.c,agri,sugarcmdusd,M20,,,0,pending,
SUGAR.c,agri,sugarcmdusd,M30,,,0,pending,
SUGAR.c,agri,sugarcmdusd,H1,,,0,pending,
SUGAR.c,agri,sugarcmdusd,H2,,,0,pending,
SUGAR.c,agri,sugarcmdusd,H3,,,0,pending,
SUGAR.c,agri,sugarcmdusd,H4,,,0,pending,
SUGAR.c,agri,sugarcmdusd,H6,,,0,pending,
SUGAR.c,agri,sugarcmdusd,H8,,,0,pending,
SUGAR.c,agri,sugarcmdusd,H12,,,0,pending,
SUGAR.c,agri,sugarcmdusd,D1,,,0,pending,
SUGAR.c,agri,sugarcmdusd,W1,,,0,pending,
SUGAR.c,agri,sugarcmdusd,MN1,,,0,pending,
BTCUSD,crypto,btcusd,M1,,,0,pending,
BTCUSD,crypto,btcusd,M2,,,0,pending,
BTCUSD,crypto,btcusd,M3,,,0,pending,
BTCUSD,crypto,btcusd,M4,,,0,pending,
BTCUSD,crypto,btcusd,M5,,,0,pending,
BTCUSD,crypto,btcusd,M6,,,0,pending,
BTCUSD,crypto,btcusd,M10,,,0,pending,
BTCUSD,crypto,btcusd,M12,,,0,pending,
BTCUSD,crypto,btcusd,M15,,,0,pending,
BTCUSD,crypto,btcusd,M20,,,0,pending,
BTCUSD,crypto,btcusd,M30,,,0,pending,
BTCUSD,crypto,btcusd,H1,,,0,pending,
BTCUSD,crypto,btcusd,H2,,,0,pending,
BTCUSD,crypto,btcusd,H3,,,0,pending,
BTCUSD,crypto,btcusd,H4,,,0,pending,
BTCUSD,crypto,btcusd,H6,,,0,pending,
BTCUSD,crypto,btcusd,H8,,,0,pending,
BTCUSD,crypto,btcusd,H12,,,0,pending,
BTCUSD,crypto,btcusd,D1,,,0,pending,
BTCUSD,crypto,btcusd,W1,,,0,pending,
BTCUSD,crypto,btcusd,MN1,,,0,pending,
ETHUSD,crypto,ethusd,M1,,,0,pending,
ETHUSD,crypto,ethusd,M2,,,0,pending,
ETHUSD,crypto,ethusd,M3,,,0,pending,
ETHUSD,crypto,ethusd,M4,,,0,pending,
ETHUSD,crypto,ethusd,M5,,,0,pending,
ETHUSD,crypto,ethusd,M6,,,0,pending,
ETHUSD,crypto,ethusd,M10,,,0,pending,
ETHUSD,crypto,ethusd,M12,,,0,pending,
ETHUSD,crypto,ethusd,M15,,,0,pending,
ETHUSD,crypto,ethusd,M20,,,0,pending,
ETHUSD,crypto,ethusd,M30,,,0,pending,
ETHUSD,crypto,ethusd,H1,,,0,pending,
ETHUSD,crypto,ethusd,H2,,,0,pending,
ETHUSD,crypto,ethusd,H3,,,0,pending,
ETHUSD,crypto,ethusd,H4,,,0,pending,
ETHUSD,crypto,ethusd,H6,,,0,pending,
ETHUSD,crypto,ethusd,H8,,,0,pending,
ETHUSD,crypto,ethusd,H12,,,0,pending,
ETHUSD,crypto,ethusd,D1,,,0,pending,
ETHUSD,crypto,ethusd,W1,,,0,pending,
ETHUSD,crypto,ethusd,MN1,,,0,pending,
LTCUSD,crypto,ltcusd,M1,,,0,pending,
LTCUSD,crypto,ltcusd,M2,,,0,pending,
LTCUSD,crypto,ltcusd,M3,,,0,pending,
LTCUSD,crypto,ltcusd,M4,,,0,pending,
LTCUSD,crypto,ltcusd,M5,,,0,pending,
LTCUSD,crypto,ltcusd,M6,,,0,pending,
LTCUSD,crypto,ltcusd,M10,,,0,pending,
LTCUSD,crypto,ltcusd,M12,,,0,pending,
LTCUSD,crypto,ltcusd,M15,,,0,pending,
LTCUSD,crypto,ltcusd,M20,,,0,pending,
LTCUSD,crypto,ltcusd,M30,,,0,pending,
LTCUSD,crypto,ltcusd,H1,,,0,pending,
LTCUSD,crypto,ltcusd,H2,,,0,pending,
LTCUSD,crypto,ltcusd,H3,,,0,pending,
LTCUSD,crypto,ltcusd,H4,,,0,pending,
LTCUSD,crypto,ltcusd,H6,,,0,pending,
LTCUSD,crypto,ltcusd,H8,,,0,pending,
LTCUSD,crypto,ltcusd,H12,,,0,pending,
LTCUSD,crypto,ltcusd,D1,,,0,pending,
LTCUSD,crypto,ltcusd,W1,,,0,pending,
LTCUSD,crypto,ltcusd,MN1,,,0,pending,
BCHUSD,crypto,bchusd,M1,,,0,pending,
BCHUSD,crypto,bchusd,M2,,,0,pending,
BCHUSD,crypto,bchusd,M3,,,0,pending,
BCHUSD,crypto,bchusd,M4,,,0,pending,
BCHUSD,crypto,bchusd,M5,,,0,pending,
BCHUSD,crypto,bchusd,M6,,,0,pending,
BCHUSD,crypto,bchusd,M10,,,0,pending,
BCHUSD,crypto,bchusd,M12,,,0,pending,
BCHUSD,crypto,bchusd,M15,,,0,pending,
BCHUSD,crypto,bchusd,M20,,,0,pending,
BCHUSD,crypto,bchusd,M30,,,0,pending,
BCHUSD,crypto,bchusd,H1,,,0,pending,
BCHUSD,crypto,bchusd,H2,,,0,pending,
BCHUSD,crypto,bchusd,H3,,,0,pending,
BCHUSD,crypto,bchusd,H4,,,0,pending,
BCHUSD,crypto,bchusd,H6,,,0,pending,
BCHUSD,crypto,bchusd,H8,,,0,pending,
BCHUSD,crypto,bchusd,H12,,,0,pending,
BCHUSD,crypto,bchusd,D1,,,0,pending,
BCHUSD,crypto,bchusd,W1,,,0,pending,
BCHUSD,crypto,bchusd,MN1,,,0,pending,
ADAUSD,crypto,adausd,M1,,,0,pending,
ADAUSD,crypto,adausd,M2,,,0,pending,
ADAUSD,crypto,adausd,M3,,,0,pending,
ADAUSD,crypto,adausd,M4,,,0,pending,
ADAUSD,crypto,adausd,M5,,,0,pending,
ADAUSD,crypto,adausd,M6,,,0,pending,
ADAUSD,crypto,adausd,M10,,,0,pending,
ADAUSD,crypto,adausd,M12,,,0,pending,
ADAUSD,crypto,adausd,M15,,,0,pending,
ADAUSD,crypto,adausd,M20,,,0,pending,
ADAUSD,crypto,adausd,M30,,,0,pending,
ADAUSD,crypto,adausd,H1,,,0,pending,
ADAUSD,crypto,adausd,H2,,,0,pending,
ADAUSD,crypto,adausd,H3,,,0,pending,
ADAUSD,crypto,adausd,H4,,,0,pending,
ADAUSD,crypto,adausd,H6,,,0,pending,
ADAUSD,crypto,adausd,H8,,,0,pending,
ADAUSD,crypto,adausd,H12,,,0,pending,
ADAUSD,crypto,adausd,D1,,,0,pending,
ADAUSD,crypto,adausd,W1,,,0,pending,
ADAUSD,crypto,adausd,MN1,,,0,pending,
XLMUSD,crypto,xlmusd,M1,,,0,pending,
XLMUSD,crypto,xlmusd,M2,,,0,pending,
XLMUSD,crypto,xlmusd,M3,,,0,pending,
XLMUSD,crypto,xlmusd,M4,,,0,pending,
XLMUSD,crypto,xlmusd,M5,,,0,pending,
XLMUSD,crypto,xlmusd,M6,,,0,pending,
XLMUSD,crypto,xlmusd,M10,,,0,pending,
XLMUSD,crypto,xlmusd,M12,,,0,pending,
XLMUSD,crypto,xlmusd,M15,,,0,pending,
XLMUSD,crypto,xlmusd,M20,,,0,pending,
XLMUSD,crypto,xlmusd,M30,,,0,pending,
XLMUSD,crypto,xlmusd,H1,,,0,pending,
XLMUSD,crypto,xlmusd,H2,,,0,pending,
XLMUSD,crypto,xlmusd,H3,,,0,pending,
XLMUSD,crypto,xlmusd,H4,,,0,pending,
XLMUSD,crypto,xlmusd,H6,,,0,pending,
XLMUSD,crypto,xlmusd,H8,,,0,pending,
XLMUSD,crypto,xlmusd,H12,,,0,pending,
XLMUSD,crypto,xlmusd,D1,,,0,pending,
XLMUSD,crypto,xlmusd,W1,,,0,pending,
XLMUSD,crypto,xlmusd,MN1,,,0,pending,
UNIUSD,crypto,uniusd,M1,,,0,pending,
UNIUSD,crypto,uniusd,M2,,,0,pending,
UNIUSD,crypto,uniusd,M3,,,0,pending,
UNIUSD,crypto,uniusd,M4,,,0,pending,
UNIUSD,crypto,uniusd,M5,,,0,pending,
UNIUSD,crypto,uniusd,M6,,,0,pending,
UNIUSD,crypto,uniusd,M10,,,0,pending,
UNIUSD,crypto,uniusd,M12,,,0,pending,
UNIUSD,crypto,uniusd,M15,,,0,pending,
UNIUSD,crypto,uniusd,M20,,,0,pending,
UNIUSD,crypto,uniusd,M30,,,0,pending,
UNIUSD,crypto,uniusd,H1,,,0,pending,
UNIUSD,crypto,uniusd,H2,,,0,pending,
UNIUSD,crypto,uniusd,H3,,,0,pending,
UNIUSD,crypto,uniusd,H4,,,0,pending,
UNIUSD,crypto,uniusd,H6,,,0,pending,
UNIUSD,crypto,uniusd,H8,,,0,pending,
UNIUSD,crypto,uniusd,H12,,,0,pending,
UNIUSD,crypto,uniusd,D1,,,0,pending,
UNIUSD,crypto,uniusd,W1,,,0,pending,
UNIUSD,crypto,uniusd,MN1,,,0,pending,
