# FTMO 商品名稱,Dukascopy 代碼,分組（與 SymbolGroups.mqh 相同）。新增商品加一列即可，# 開頭為註解
symbol,source_id,group
EURUSD,eurusd,major
GBPUSD,gbpusd,major
USDJPY,usdjpy,major
USDCHF,usdchf,major
USDCAD,usdcad,major
AUDUSD,audusd,major
NZDUSD,nzdusd,major
AUDCAD,audcad,cross
AUDCHF,audchf,cross
AUDJPY,audjpy,cross
AUDNZD,audnzd,cross
CADCHF,cadchf,cross
CADJPY,cadjpy,cross
CHFJPY,chfjpy,cross
EURAUD,euraud,cross
EURCAD,eurcad,cross
EURCHF,eurchf,cross
EURGBP,eurgbp,cross
EURJPY,eurjpy,cross
EURNZD,eurnzd,cross
GBPAUD,gbpaud,cross
GBPCAD,gbpcad,cross
GBPCHF,gbpchf,cross
GBPJPY,gbpjpy,cross
GBPNZD,gbpnzd,cross
NZDCAD,nzdcad,cross
NZDCHF,nzdchf,cross
NZDJPY,nzdjpy,cross
USDCNH,usdcnh,exotic
AUDSGD,audsgd,exotic
CHFSGD,chfsgd,exotic
EURCZK,eurczk,exotic
EURDKK,eurdkk,exotic
EURHKD,eurhkd,exotic
EURHUF,eurhuf,exotic
EURMXN,eurmxn,exotic
EURNOK,eurnok,exotic
EURPLN,eurpln,exotic
EURSEK,eursek,exotic
EURSGD,eursgd,exotic
EURTRY,eurtry,exotic
EURZAR,eurzar,exotic
GBPNOK,gbpnok,exotic
GBPSEK,gbpsek,exotic
GBPSGD,gbpsgd,exotic
GBPZAR,gbpzar,exotic
NOKSEK,noksek,exotic
SGDJPY,sgdjpy,exotic
USDCZK,usdczk,exotic
USDDKK,usddkk,exotic
USDHKD,usdhkd,exotic
USDHUF,usdhuf,exotic
USDILS,usdils,exotic
USDMXN,usdmxn,exotic
USDNOK,usdnok,exotic
USDPLN,usdpln,exotic
USDSEK,usdsek,exotic
USDSGD,usdsgd,exotic
USDTHB,usdthb,exotic
USDTRY,usdtry,exotic
USDZAR,usdzar,exotic
XAUUSD,xauusd,metal
XAGUSD,xagusd,metal
XAUEUR,xaueur,metal
XAGEUR,xageur,metal
XAGAUD,xagaud,metal
XPTUSD,xptcmdusd,metal
XPDUSD,xpdcmdusd,metal
XCUUSD,coppercmdusd,metal
US500.cash,usa500idxusd,index
US30.cash,usa30idxusd,index
US100.cash,usatechidxusd,index
US2000.cash,ussc2000idxusd,index
GER40.cash,deuidxeur,index
UK100.cash,gbridxgbp,index
FRA40.cash,fraidxeur,index
EU50.cash,eusidxeur,index
SPN35.cash,espidxeur,index
N25.cash,nldidxeur,index
JP225.cash,jpnidxjpy,index
HK50.cash,hkgidxhkd,index
AUS200.cash,ausidxaud,index
DXY.cash,dollaridxusd,index
USOIL.cash,lightcmdusd,energy
UKOIL.cash,brentcmdusd,energy
NATGAS.cash,gascmdusd,energy
HEATOIL.c,dieselcmdusd,energy
COCOA.c,cocoacmdusd,agri
COFFEE.c,coffeecmdusx,agri
COTTON.c,cottoncmdusx,agri
SOYBEAN.c,soybeancmdusx,agri
SUGAR.c,sugarcmdusd,agri
BTCUSD,btcusd,crypto
ETHUSD,ethusd,crypto
LTCUSD,ltcusd,crypto
BCHUSD,bchusd,crypto
ADAUSD,adausd,crypto
XLMUSD,xlmusd,crypto
UNIUSD,uniusd,crypto
